curp,id_viaje,h_entrada,h_salida,redondo
HEGJ030722MQIHTH56,v-025001,08:00:00,,True
HEGJ030722MQIHTH56,v-025002,,14:00:00,True
HEGJ030722MQIHTH56,v-025003,08:00:00,,False
HEGJ030722MQIHTH56,v-025004,08:00:00,,False
HEGJ030722MQIHTH56,v-025005,08:00:00,,True
HEGJ030722MQIHTH56,v-025006,,14:00:00,True
HEGJ030722MQIHTH56,v-025007,08:00:00,,True
HEGJ030722MQIHTH56,v-025008,,14:00:00,True
HEGJ030722MQIHTH56,v-025009,08:00:00,,False
HEGJ030722MQIHTH56,v-025010,08:00:00,,False
HEGJ030722MQIHTH56,v-025011,08:00:00,,False
HEGJ030722MQIHTH56,v-025012,08:00:00,,True
HEGJ030722MQIHTH56,v-025013,,14:00:00,True
HEGJ030722MQIHTH56,v-025014,08:00:00,,True
HEGJ030722MQIHTH56,v-025015,,14:00:00,True
HEGJ030722MQIHTH56,v-025016,08:00:00,,True
HEGJ030722MQIHTH56,v-025017,,14:00:00,True
HEGJ030722MQIHTH56,v-025018,08:00:00,,True
HEGJ030722MQIHTH56,v-025019,,14:00:00,True
HEGJ030722MQIHTH56,v-025020,08:00:00,,True
HEGJ030722MQIHTH56,v-025021,,14:00:00,True
ANHJ050102MVWKVW28,v-025022,07:00:00,,False
ANHJ050102MVWKVW28,v-025023,07:00:00,,True
ANHJ050102MVWKVW28,v-025024,,15:00:00,True
ANHJ050102MVWKVW28,v-025025,07:00:00,,False
ANHJ050102MVWKVW28,v-025026,07:00:00,,False
ANHJ050102MVWKVW28,v-025027,07:00:00,,True
ANHJ050102MVWKVW28,v-025028,,15:00:00,True
ANHJ050102MVWKVW28,v-025029,07:00:00,,True
ANHJ050102MVWKVW28,v-025030,,15:00:00,True
ANHJ050102MVWKVW28,v-025031,07:00:00,,True
ANHJ050102MVWKVW28,v-025032,,15:00:00,True
ANHJ050102MVWKVW28,v-025033,07:00:00,,False
ANHJ050102MVWKVW28,v-025034,07:00:00,,True
ANHJ050102MVWKVW28,v-025035,,15:00:00,True
ANHJ050102MVWKVW28,v-025036,07:00:00,,True
ANHJ050102MVWKVW28,v-025037,,15:00:00,True
ANHJ050102MVWKVW28,v-025038,07:00:00,,True
ANHJ050102MVWKVW28,v-025039,,15:00:00,True
ANHJ050102MVWKVW28,v-025040,07:00:00,,True
ANHJ050102MVWKVW28,v-025041,,15:00:00,True
ANHJ050102MVWKVW28,v-025042,07:00:00,,True
ANHJ050102MVWKVW28,v-025043,,15:00:00,True
ANHJ050102MVWKVW28,v-025044,07:00:00,,True
ANHJ050102MVWKVW28,v-025045,,15:00:00,True
ANHJ050102MVWKVW28,v-025046,07:00:00,,True
ANHJ050102MVWKVW28,v-025047,,15:00:00,True
ANHJ050102MVWKVW28,v-025048,07:00:00,,True
ANHJ050102MVWKVW28,v-025049,,15:00:00,True
ANHJ050102MVWKVW28,v-025050,07:00:00,,True
ANHJ050102MVWKVW28,v-025051,,15:00:00,True
ANHJ050102MVWKVW28,v-025052,07:00:00,,False
ANHJ050102MVWKVW28,v-025053,07:00:00,,True
ANHJ050102MVWKVW28,v-025054,,15:00:00,True
ANHJ050102MVWKVW28,v-025055,07:00:00,,True
ANHJ050102MVWKVW28,v-025056,,15:00:00,True
ANHJ050102MVWKVW28,v-025057,07:00:00,,True
ANHJ050102MVWKVW28,v-025058,,15:00:00,True
ANHJ050102MVWKVW28,v-025059,07:00:00,,False
ANHJ050102MVWKVW28,v-025060,07:00:00,,True
ANHJ050102MVWKVW28,v-025061,,15:00:00,True
ANHJ050102MVWKVW28,v-025062,07:00:00,,True
ANHJ050102MVWKVW28,v-025063,,15:00:00,True
ANHJ050102MVWKVW28,v-025064,07:00:00,,True
ANHJ050102MVWKVW28,v-025065,,15:00:00,True
ANHJ050102MVWKVW28,v-025066,07:00:00,,True
ANHJ050102MVWKVW28,v-025067,,15:00:00,True
ANHJ050102MVWKVW28,v-025068,07:00:00,,True
ANHJ050102MVWKVW28,v-025069,,15:00:00,True
ANHJ050102MVWKVW28,v-025070,07:00:00,,False
ANHJ050102MVWKVW28,v-025071,07:00:00,,True
ANHJ050102MVWKVW28,v-025072,,15:00:00,True
ANHJ050102MVWKVW28,v-025073,07:00:00,,False
ANHJ050102MVWKVW28,v-025074,07:00:00,,False
ANHJ050102MVWKVW28,v-025075,07:00:00,,False
ANHJ050102MVWKVW28,v-025076,07:00:00,,True
ANHJ050102MVWKVW28,v-025077,,15:00:00,True
ANHJ050102MVWKVW28,v-025078,07:00:00,,True
ANHJ050102MVWKVW28,v-025079,,15:00:00,True
ANHJ050102MVWKVW28,v-025080,07:00:00,,True
ANHJ050102MVWKVW28,v-025081,,15:00:00,True
ANHJ050102MVWKVW28,v-025082,07:00:00,,True
ANHJ050102MVWKVW28,v-025083,,15:00:00,True
ANHJ050102MVWKVW28,v-025084,07:00:00,,True
ANHJ050102MVWKVW28,v-025085,,15:00:00,True
ANHJ050102MVWKVW28,v-025086,07:00:00,,False
ANHJ050102MVWKVW28,v-025087,07:00:00,,True
ANHJ050102MVWKVW28,v-025088,,15:00:00,True
ANHJ050102MVWKVW28,v-025089,07:00:00,,True
ANHJ050102MVWKVW28,v-025090,,15:00:00,True
ANHJ050102MVWKVW28,v-025091,07:00:00,,True
ANHJ050102MVWKVW28,v-025092,,15:00:00,True
ANHJ050102MVWKVW28,v-025093,07:00:00,,False
ANHJ050102MVWKVW28,v-025094,07:00:00,,True
ANHJ050102MVWKVW28,v-025095,,15:00:00,True
ANHJ050102MVWKVW28,v-025096,07:00:00,,True
ANHJ050102MVWKVW28,v-025097,,15:00:00,True
ANHJ050102MVWKVW28,v-025098,07:00:00,,True
ANHJ050102MVWKVW28,v-025099,,15:00:00,True
GOGZ050523FNHOUT54,v-025100,08:00:00,,True
GOGZ050523FNHOUT54,v-025101,,14:00:00,True
GOGZ050523FNHOUT54,v-025102,08:00:00,,True
GOGZ050523FNHOUT54,v-025103,,14:00:00,True
GOGZ050523FNHOUT54,v-025104,08:00:00,,True
GOGZ050523FNHOUT54,v-025105,,14:00:00,True
GOGZ050523FNHOUT54,v-025106,08:00:00,,True
GOGZ050523FNHOUT54,v-025107,,14:00:00,True
GOGZ050523FNHOUT54,v-025108,08:00:00,,False
GOGZ050523FNHOUT54,v-025109,08:00:00,,False
GOGZ050523FNHOUT54,v-025110,08:00:00,,False
GOGZ050523FNHOUT54,v-025111,08:00:00,,False
GOGZ050523FNHOUT54,v-025112,08:00:00,,False
GOGZ050523FNHOUT54,v-025113,08:00:00,,True
GOGZ050523FNHOUT54,v-025114,,14:00:00,True
GOGZ050523FNHOUT54,v-025115,08:00:00,,False
GOGZ050523FNHOUT54,v-025116,08:00:00,,False
GOGZ050523FNHOUT54,v-025117,08:00:00,,True
GOGZ050523FNHOUT54,v-025118,,14:00:00,True
GOGZ050523FNHOUT54,v-025119,08:00:00,,False
GOGZ050523FNHOUT54,v-025120,08:00:00,,True
GOGZ050523FNHOUT54,v-025121,,14:00:00,True
GOGZ050523FNHOUT54,v-025122,08:00:00,,False
GOGZ050523FNHOUT54,v-025123,08:00:00,,True
GOGZ050523FNHOUT54,v-025124,,14:00:00,True
GOGZ050523FNHOUT54,v-025125,08:00:00,,False
GOGZ050523FNHOUT54,v-025126,08:00:00,,False
GOGZ050523FNHOUT54,v-025127,08:00:00,,False
GOGZ050523FNHOUT54,v-025128,08:00:00,,True
GOGZ050523FNHOUT54,v-025129,,14:00:00,True
GOGZ050523FNHOUT54,v-025130,08:00:00,,True
GOGZ050523FNHOUT54,v-025131,,14:00:00,True
GOGZ050523FNHOUT54,v-025132,08:00:00,,True
GOGZ050523FNHOUT54,v-025133,,14:00:00,True
GOGZ050523FNHOUT54,v-025134,08:00:00,,True
GOGZ050523FNHOUT54,v-025135,,14:00:00,True
GOGZ050523FNHOUT54,v-025136,08:00:00,,True
GOGZ050523FNHOUT54,v-025137,,14:00:00,True
GOGZ050523FNHOUT54,v-025138,08:00:00,,False
GOGZ050523FNHOUT54,v-025139,08:00:00,,False
GOGZ050523FNHOUT54,v-025140,08:00:00,,False
GOGZ050523FNHOUT54,v-025141,08:00:00,,False
GOGZ050523FNHOUT54,v-025142,08:00:00,,True
GOGZ050523FNHOUT54,v-025143,,14:00:00,True
GOGZ050523FNHOUT54,v-025144,08:00:00,,False
GOGZ050523FNHOUT54,v-025145,08:00:00,,True
GOGZ050523FNHOUT54,v-025146,,14:00:00,True
GOME060804FQQRGP76,v-025147,08:00:00,,True
GOME060804FQQRGP76,v-025148,,14:00:00,True
GOME060804FQQRGP76,v-025149,08:00:00,,True
GOME060804FQQRGP76,v-025150,,14:00:00,True
GOME060804FQQRGP76,v-025151,08:00:00,,False
GOME060804FQQRGP76,v-025152,08:00:00,,True
GOME060804FQQRGP76,v-025153,,14:00:00,True
GOME060804FQQRGP76,v-025154,08:00:00,,False
GOME060804FQQRGP76,v-025155,08:00:00,,False
GOME060804FQQRGP76,v-025156,08:00:00,,True
GOME060804FQQRGP76,v-025157,,14:00:00,True
GOME060804FQQRGP76,v-025158,08:00:00,,True
GOME060804FQQRGP76,v-025159,,14:00:00,True
GOME060804FQQRGP76,v-025160,08:00:00,,False
GOME060804FQQRGP76,v-025161,08:00:00,,True
GOME060804FQQRGP76,v-025162,,14:00:00,True
GOME060804FQQRGP76,v-025163,08:00:00,,True
GOME060804FQQRGP76,v-025164,,14:00:00,True
GOME060804FQQRGP76,v-025165,08:00:00,,False
GOME060804FQQRGP76,v-025166,08:00:00,,True
GOME060804FQQRGP76,v-025167,,14:00:00,True
GOME060804FQQRGP76,v-025168,08:00:00,,True
GOME060804FQQRGP76,v-025169,,14:00:00,True
GOME060804FQQRGP76,v-025170,08:00:00,,True
GOME060804FQQRGP76,v-025171,,14:00:00,True
GOME060804FQQRGP76,v-025172,08:00:00,,False
GOME060804FQQRGP76,v-025173,08:00:00,,False
GOME060804FQQRGP76,v-025174,08:00:00,,True
GOME060804FQQRGP76,v-025175,,14:00:00,True
GOME060804FQQRGP76,v-025176,08:00:00,,False
GOME060804FQQRGP76,v-025177,08:00:00,,True
GOME060804FQQRGP76,v-025178,,14:00:00,True
GOME060804FQQRGP76,v-025179,08:00:00,,True
GOME060804FQQRGP76,v-025180,,14:00:00,True
GOME060804FQQRGP76,v-025181,08:00:00,,False
GOME060804FQQRGP76,v-025182,08:00:00,,True
GOME060804FQQRGP76,v-025183,,14:00:00,True
GOME060804FQQRGP76,v-025184,08:00:00,,True
GOME060804FQQRGP76,v-025185,,14:00:00,True
SARA011025MOGKZL83,v-025186,07:00:00,,True
SARA011025MOGKZL83,v-025187,,15:00:00,True
SARA011025MOGKZL83,v-025188,07:00:00,,False
SARA011025MOGKZL83,v-025189,07:00:00,,True
SARA011025MOGKZL83,v-025190,,15:00:00,True
SARA011025MOGKZL83,v-025191,07:00:00,,False
SARA011025MOGKZL83,v-025192,07:00:00,,True
SARA011025MOGKZL83,v-025193,,15:00:00,True
SARA011025MOGKZL83,v-025194,07:00:00,,False
SARA011025MOGKZL83,v-025195,07:00:00,,True
SARA011025MOGKZL83,v-025196,,15:00:00,True
SARA011025MOGKZL83,v-025197,07:00:00,,True
SARA011025MOGKZL83,v-025198,,15:00:00,True
SARA011025MOGKZL83,v-025199,07:00:00,,False
SARA011025MOGKZL83,v-025200,07:00:00,,True
SARA011025MOGKZL83,v-025201,,15:00:00,True
SARA011025MOGKZL83,v-025202,07:00:00,,True
SARA011025MOGKZL83,v-025203,,15:00:00,True
SARA011025MOGKZL83,v-025204,07:00:00,,False
SARA011025MOGKZL83,v-025205,07:00:00,,True
SARA011025MOGKZL83,v-025206,,15:00:00,True
SARA011025MOGKZL83,v-025207,07:00:00,,True
SARA011025MOGKZL83,v-025208,,15:00:00,True
SARA011025MOGKZL83,v-025209,07:00:00,,True
SARA011025MOGKZL83,v-025210,,15:00:00,True
SARA011025MOGKZL83,v-025211,07:00:00,,True
SARA011025MOGKZL83,v-025212,,15:00:00,True
SARA011025MOGKZL83,v-025213,07:00:00,,False
SARA011025MOGKZL83,v-025214,07:00:00,,True
SARA011025MOGKZL83,v-025215,,15:00:00,True
SARA011025MOGKZL83,v-025216,07:00:00,,False
SARA011025MOGKZL83,v-025217,07:00:00,,True
SARA011025MOGKZL83,v-025218,,15:00:00,True
SARA011025MOGKZL83,v-025219,07:00:00,,True
SARA011025MOGKZL83,v-025220,,15:00:00,True
SARA011025MOGKZL83,v-025221,07:00:00,,True
SARA011025MOGKZL83,v-025222,,15:00:00,True
SARA011025MOGKZL83,v-025223,07:00:00,,True
SARA011025MOGKZL83,v-025224,,15:00:00,True
SARA011025MOGKZL83,v-025225,07:00:00,,True
SARA011025MOGKZL83,v-025226,,15:00:00,True
SARA011025MOGKZL83,v-025227,07:00:00,,False
SARA011025MOGKZL83,v-025228,07:00:00,,False
SARA011025MOGKZL83,v-025229,07:00:00,,True
SARA011025MOGKZL83,v-025230,,15:00:00,True
SARA011025MOGKZL83,v-025231,07:00:00,,False
SARA011025MOGKZL83,v-025232,07:00:00,,True
SARA011025MOGKZL83,v-025233,,15:00:00,True
SARA011025MOGKZL83,v-025234,07:00:00,,True
SARA011025MOGKZL83,v-025235,,15:00:00,True
SARA011025MOGKZL83,v-025236,07:00:00,,False
SARA011025MOGKZL83,v-025237,07:00:00,,True
SARA011025MOGKZL83,v-025238,,15:00:00,True
SARA011025MOGKZL83,v-025239,07:00:00,,True
SARA011025MOGKZL83,v-025240,,15:00:00,True
SARA011025MOGKZL83,v-025241,07:00:00,,False
SARA011025MOGKZL83,v-025242,07:00:00,,False
SARA011025MOGKZL83,v-025243,07:00:00,,False
SARA011025MOGKZL83,v-025244,07:00:00,,True
SARA011025MOGKZL83,v-025245,,15:00:00,True
SARA011025MOGKZL83,v-025246,07:00:00,,False
SARA011025MOGKZL83,v-025247,07:00:00,,False
SARA011025MOGKZL83,v-025248,07:00:00,,False
ORMM990616FJFEPO91,v-025249,07:00:00,,False
ORMM990616FJFEPO91,v-025250,07:00:00,,True
ORMM990616FJFEPO91,v-025251,,14:00:00,True
ORMM990616FJFEPO91,v-025252,07:00:00,,True
ORMM990616FJFEPO91,v-025253,,14:00:00,True
ORMM990616FJFEPO91,v-025254,07:00:00,,True
ORMM990616FJFEPO91,v-025255,,14:00:00,True
ORMM990616FJFEPO91,v-025256,07:00:00,,True
ORMM990616FJFEPO91,v-025257,,14:00:00,True
AMRL040107FBSDGX62,v-025258,08:00:00,,True
AMRL040107FBSDGX62,v-025259,,14:00:00,True
AMRL040107FBSDGX62,v-025260,08:00:00,,True
AMRL040107FBSDGX62,v-025261,,14:00:00,True
AMRL040107FBSDGX62,v-025262,08:00:00,,True
AMRL040107FBSDGX62,v-025263,,14:00:00,True
AMRL040107FBSDGX62,v-025264,08:00:00,,False
AMRL040107FBSDGX62,v-025265,08:00:00,,False
AMRL040107FBSDGX62,v-025266,08:00:00,,True
AMRL040107FBSDGX62,v-025267,,14:00:00,True
AMRL040107FBSDGX62,v-025268,08:00:00,,False
AMRL040107FBSDGX62,v-025269,08:00:00,,True
AMRL040107FBSDGX62,v-025270,,14:00:00,True
AMRL040107FBSDGX62,v-025271,08:00:00,,False
AMRL040107FBSDGX62,v-025272,08:00:00,,True
AMRL040107FBSDGX62,v-025273,,14:00:00,True
AMRL040107FBSDGX62,v-025274,08:00:00,,True
AMRL040107FBSDGX62,v-025275,,14:00:00,True
AMRL040107FBSDGX62,v-025276,08:00:00,,False
AMRL040107FBSDGX62,v-025277,08:00:00,,True
AMRL040107FBSDGX62,v-025278,,14:00:00,True
AMRL040107FBSDGX62,v-025279,08:00:00,,True
AMRL040107FBSDGX62,v-025280,,14:00:00,True
AMRL040107FBSDGX62,v-025281,08:00:00,,False
AMRL040107FBSDGX62,v-025282,08:00:00,,True
AMRL040107FBSDGX62,v-025283,,14:00:00,True
AMRL040107FBSDGX62,v-025284,08:00:00,,False
AMRL040107FBSDGX62,v-025285,08:00:00,,True
AMRL040107FBSDGX62,v-025286,,14:00:00,True
AMRL040107FBSDGX62,v-025287,08:00:00,,False
AMRL040107FBSDGX62,v-025288,08:00:00,,True
AMRL040107FBSDGX62,v-025289,,14:00:00,True
AMRL040107FBSDGX62,v-025290,08:00:00,,False
AMRL040107FBSDGX62,v-025291,08:00:00,,False
AMRL040107FBSDGX62,v-025292,08:00:00,,True
AMRL040107FBSDGX62,v-025293,,14:00:00,True
AMRL040107FBSDGX62,v-025294,08:00:00,,False
AMRL040107FBSDGX62,v-025295,08:00:00,,False
AMRL040107FBSDGX62,v-025296,08:00:00,,True
AMRL040107FBSDGX62,v-025297,,14:00:00,True
AMRL040107FBSDGX62,v-025298,08:00:00,,True
AMRL040107FBSDGX62,v-025299,,14:00:00,True
AMRL040107FBSDGX62,v-025300,08:00:00,,False
AMRL040107FBSDGX62,v-025301,08:00:00,,True
AMRL040107FBSDGX62,v-025302,,14:00:00,True
AMRL040107FBSDGX62,v-025303,08:00:00,,True
AMRL040107FBSDGX62,v-025304,,14:00:00,True
AMRL040107FBSDGX62,v-025305,08:00:00,,False
AMRL040107FBSDGX62,v-025306,08:00:00,,True
AMRL040107FBSDGX62,v-025307,,14:00:00,True
PAJI590521FSUNRS99,v-025308,07:00:00,,True
PAJI590521FSUNRS99,v-025309,,15:00:00,True
PAJI590521FSUNRS99,v-025310,07:00:00,,False
PAJI590521FSUNRS99,v-025311,07:00:00,,True
PAJI590521FSUNRS99,v-025312,,15:00:00,True
PAJI590521FSUNRS99,v-025313,07:00:00,,True
PAJI590521FSUNRS99,v-025314,,15:00:00,True
PAJI590521FSUNRS99,v-025315,07:00:00,,True
PAJI590521FSUNRS99,v-025316,,15:00:00,True
PAJI590521FSUNRS99,v-025317,07:00:00,,False
PAJI590521FSUNRS99,v-025318,07:00:00,,False
PAJI590521FSUNRS99,v-025319,07:00:00,,True
PAJI590521FSUNRS99,v-025320,,15:00:00,True
PAJI590521FSUNRS99,v-025321,07:00:00,,False
PAJI590521FSUNRS99,v-025322,07:00:00,,False
DOAR800423FCTCMM57,v-025323,08:00:00,,False
DOAR800423FCTCMM57,v-025324,08:00:00,,False
DOAR800423FCTCMM57,v-025325,08:00:00,,True
DOAR800423FCTCMM57,v-025326,,15:00:00,True
DOAR800423FCTCMM57,v-025327,08:00:00,,True
DOAR800423FCTCMM57,v-025328,,15:00:00,True
DOAR800423FCTCMM57,v-025329,08:00:00,,True
DOAR800423FCTCMM57,v-025330,,15:00:00,True
DOAR800423FCTCMM57,v-025331,08:00:00,,True
DOAR800423FCTCMM57,v-025332,,15:00:00,True
DOAR800423FCTCMM57,v-025333,08:00:00,,True
DOAR800423FCTCMM57,v-025334,,15:00:00,True
DOAR800423FCTCMM57,v-025335,08:00:00,,False
DOAR800423FCTCMM57,v-025336,08:00:00,,True
DOAR800423FCTCMM57,v-025337,,15:00:00,True
DOAR800423FCTCMM57,v-025338,08:00:00,,True
DOAR800423FCTCMM57,v-025339,,15:00:00,True
DOAR800423FCTCMM57,v-025340,08:00:00,,False
DOAR800423FCTCMM57,v-025341,08:00:00,,False
DOAR800423FCTCMM57,v-025342,08:00:00,,True
DOAR800423FCTCMM57,v-025343,,15:00:00,True
DOAR800423FCTCMM57,v-025344,08:00:00,,True
DOAR800423FCTCMM57,v-025345,,15:00:00,True
SEPA781108FJMAQN34,v-025346,08:00:00,,True
SEPA781108FJMAQN34,v-025347,,13:00:00,True
SEPA781108FJMAQN34,v-025348,08:00:00,,True
SEPA781108FJMAQN34,v-025349,,13:00:00,True
SEPA781108FJMAQN34,v-025350,08:00:00,,True
SEPA781108FJMAQN34,v-025351,,13:00:00,True
SEPA781108FJMAQN34,v-025352,08:00:00,,True
SEPA781108FJMAQN34,v-025353,,13:00:00,True
SEPA781108FJMAQN34,v-025354,08:00:00,,False
SEPA781108FJMAQN34,v-025355,08:00:00,,False
SEPA781108FJMAQN34,v-025356,08:00:00,,False
SEPA781108FJMAQN34,v-025357,08:00:00,,True
SEPA781108FJMAQN34,v-025358,,13:00:00,True
SEPA781108FJMAQN34,v-025359,08:00:00,,True
SEPA781108FJMAQN34,v-025360,,13:00:00,True
SEPA781108FJMAQN34,v-025361,08:00:00,,True
SEPA781108FJMAQN34,v-025362,,13:00:00,True
SEPA781108FJMAQN34,v-025363,08:00:00,,True
SEPA781108FJMAQN34,v-025364,,13:00:00,True
SEPA781108FJMAQN34,v-025365,08:00:00,,True
SEPA781108FJMAQN34,v-025366,,13:00:00,True
SEPA781108FJMAQN34,v-025367,08:00:00,,False
SEPA781108FJMAQN34,v-025368,08:00:00,,False
SEPA781108FJMAQN34,v-025369,08:00:00,,True
SEPA781108FJMAQN34,v-025370,,13:00:00,True
SEPA781108FJMAQN34,v-025371,08:00:00,,False
SEPA781108FJMAQN34,v-025372,08:00:00,,True
SEPA781108FJMAQN34,v-025373,,13:00:00,True
SEPA781108FJMAQN34,v-025374,08:00:00,,True
SEPA781108FJMAQN34,v-025375,,13:00:00,True
SEPA781108FJMAQN34,v-025376,08:00:00,,False
SEPA781108FJMAQN34,v-025377,08:00:00,,True
SEPA781108FJMAQN34,v-025378,,13:00:00,True
SEPA781108FJMAQN34,v-025379,08:00:00,,True
SEPA781108FJMAQN34,v-025380,,13:00:00,True
SEPA781108FJMAQN34,v-025381,08:00:00,,False
SEPA781108FJMAQN34,v-025382,08:00:00,,False
SEPA781108FJMAQN34,v-025383,08:00:00,,False
SEPA781108FJMAQN34,v-025384,08:00:00,,False
SEPA781108FJMAQN34,v-025385,08:00:00,,True
SEPA781108FJMAQN34,v-025386,,13:00:00,True
SEPA781108FJMAQN34,v-025387,08:00:00,,True
SEPA781108FJMAQN34,v-025388,,13:00:00,True
SEPA781108FJMAQN34,v-025389,08:00:00,,False
SEPA781108FJMAQN34,v-025390,08:00:00,,False
SEPA781108FJMAQN34,v-025391,08:00:00,,True
SEPA781108FJMAQN34,v-025392,,13:00:00,True
SEPA781108FJMAQN34,v-025393,08:00:00,,False
BASM990830FBGXDF37,v-025394,07:00:00,,False
BASM990830FBGXDF37,v-025395,07:00:00,,False
BASM990830FBGXDF37,v-025396,07:00:00,,False
BASM990830FBGXDF37,v-025397,07:00:00,,False
BASM990830FBGXDF37,v-025398,07:00:00,,True
BASM990830FBGXDF37,v-025399,,13:00:00,True
BASM990830FBGXDF37,v-025400,07:00:00,,True
BASM990830FBGXDF37,v-025401,,13:00:00,True
BASM990830FBGXDF37,v-025402,07:00:00,,True
BASM990830FBGXDF37,v-025403,,13:00:00,True
BASM990830FBGXDF37,v-025404,07:00:00,,True
BASM990830FBGXDF37,v-025405,,13:00:00,True
BASM990830FBGXDF37,v-025406,07:00:00,,False
BASM990830FBGXDF37,v-025407,07:00:00,,True
BASM990830FBGXDF37,v-025408,,13:00:00,True
BASM990830FBGXDF37,v-025409,07:00:00,,True
BASM990830FBGXDF37,v-025410,,13:00:00,True
BASM990830FBGXDF37,v-025411,07:00:00,,True
BASM990830FBGXDF37,v-025412,,13:00:00,True
BASM990830FBGXDF37,v-025413,07:00:00,,False
BASM990830FBGXDF37,v-025414,07:00:00,,True
BASM990830FBGXDF37,v-025415,,13:00:00,True
BASM990830FBGXDF37,v-025416,07:00:00,,False
BASM990830FBGXDF37,v-025417,07:00:00,,False
BASM990830FBGXDF37,v-025418,07:00:00,,False
BASM990830FBGXDF37,v-025419,07:00:00,,False
BASM990830FBGXDF37,v-025420,07:00:00,,True
BASM990830FBGXDF37,v-025421,,13:00:00,True
BASM990830FBGXDF37,v-025422,07:00:00,,True
BASM990830FBGXDF37,v-025423,,13:00:00,True
BASM990830FBGXDF37,v-025424,07:00:00,,True
BASM990830FBGXDF37,v-025425,,13:00:00,True
BASM990830FBGXDF37,v-025426,07:00:00,,False
CASS061021FQNSYX41,v-025427,07:00:00,,True
CASS061021FQNSYX41,v-025428,,13:00:00,True
CASS061021FQNSYX41,v-025429,07:00:00,,True
CASS061021FQNSYX41,v-025430,,13:00:00,True
CASS061021FQNSYX41,v-025431,07:00:00,,False
CASS061021FQNSYX41,v-025432,07:00:00,,True
CASS061021FQNSYX41,v-025433,,13:00:00,True
CASS061021FQNSYX41,v-025434,07:00:00,,False
CASS061021FQNSYX41,v-025435,07:00:00,,False
CASS061021FQNSYX41,v-025436,07:00:00,,True
CASS061021FQNSYX41,v-025437,,13:00:00,True
CASS061021FQNSYX41,v-025438,07:00:00,,True
CASS061021FQNSYX41,v-025439,,13:00:00,True
CASS061021FQNSYX41,v-025440,07:00:00,,False
CASS061021FQNSYX41,v-025441,07:00:00,,True
CASS061021FQNSYX41,v-025442,,13:00:00,True
CASS061021FQNSYX41,v-025443,07:00:00,,True
CASS061021FQNSYX41,v-025444,,13:00:00,True
CASS061021FQNSYX41,v-025445,07:00:00,,False
CASS061021FQNSYX41,v-025446,07:00:00,,True
CASS061021FQNSYX41,v-025447,,13:00:00,True
CASS061021FQNSYX41,v-025448,07:00:00,,True
CASS061021FQNSYX41,v-025449,,13:00:00,True
CASS061021FQNSYX41,v-025450,07:00:00,,False
CASS061021FQNSYX41,v-025451,07:00:00,,True
CASS061021FQNSYX41,v-025452,,13:00:00,True
CASS061021FQNSYX41,v-025453,07:00:00,,False
CASS061021FQNSYX41,v-025454,07:00:00,,True
CASS061021FQNSYX41,v-025455,,13:00:00,True
CASS061021FQNSYX41,v-025456,07:00:00,,True
CASS061021FQNSYX41,v-025457,,13:00:00,True
CASS061021FQNSYX41,v-025458,07:00:00,,False
CASS061021FQNSYX41,v-025459,07:00:00,,False
CASS061021FQNSYX41,v-025460,07:00:00,,False
CASS061021FQNSYX41,v-025461,07:00:00,,False
CASS061021FQNSYX41,v-025462,07:00:00,,True
CASS061021FQNSYX41,v-025463,,13:00:00,True
CASS061021FQNSYX41,v-025464,07:00:00,,True
CASS061021FQNSYX41,v-025465,,13:00:00,True
CASS061021FQNSYX41,v-025466,07:00:00,,False
CASS061021FQNSYX41,v-025467,07:00:00,,True
CASS061021FQNSYX41,v-025468,,13:00:00,True
CASS061021FQNSYX41,v-025469,07:00:00,,False
CASS061021FQNSYX41,v-025470,07:00:00,,True
CASS061021FQNSYX41,v-025471,,13:00:00,True
CASS061021FQNSYX41,v-025472,07:00:00,,True
CASS061021FQNSYX41,v-025473,,13:00:00,True
CASS061021FQNSYX41,v-025474,07:00:00,,True
CASS061021FQNSYX41,v-025475,,13:00:00,True
CASS061021FQNSYX41,v-025476,07:00:00,,True
CASS061021FQNSYX41,v-025477,,13:00:00,True
CASS061021FQNSYX41,v-025478,07:00:00,,False
CASS061021FQNSYX41,v-025479,07:00:00,,False
CASS061021FQNSYX41,v-025480,07:00:00,,True
CASS061021FQNSYX41,v-025481,,13:00:00,True
CASS061021FQNSYX41,v-025482,07:00:00,,False
CASS061021FQNSYX41,v-025483,07:00:00,,True
CASS061021FQNSYX41,v-025484,,13:00:00,True
CASS061021FQNSYX41,v-025485,07:00:00,,False
CASS061021FQNSYX41,v-025486,07:00:00,,True
CASS061021FQNSYX41,v-025487,,13:00:00,True
CASS061021FQNSYX41,v-025488,07:00:00,,True
CASS061021FQNSYX41,v-025489,,13:00:00,True
MEPJ790307MJTYXF52,v-025490,08:00:00,,False
MEPJ790307MJTYXF52,v-025491,08:00:00,,True
MEPJ790307MJTYXF52,v-025492,,14:00:00,True
MEPJ790307MJTYXF52,v-025493,08:00:00,,True
MEPJ790307MJTYXF52,v-025494,,14:00:00,True
MEPJ790307MJTYXF52,v-025495,08:00:00,,True
MEPJ790307MJTYXF52,v-025496,,14:00:00,True
MEPJ790307MJTYXF52,v-025497,08:00:00,,True
MEPJ790307MJTYXF52,v-025498,,14:00:00,True
MEPJ790307MJTYXF52,v-025499,08:00:00,,False
MEPJ790307MJTYXF52,v-025500,08:00:00,,False
MEPJ790307MJTYXF52,v-025501,08:00:00,,True
MEPJ790307MJTYXF52,v-025502,,14:00:00,True
GUCB050320FNZFBK73,v-025503,07:00:00,,False
GUCB050320FNZFBK73,v-025504,07:00:00,,True
GUCB050320FNZFBK73,v-025505,,13:00:00,True
GUCB050320FNZFBK73,v-025506,07:00:00,,False
GUCB050320FNZFBK73,v-025507,07:00:00,,True
GUCB050320FNZFBK73,v-025508,,13:00:00,True
GUCB050320FNZFBK73,v-025509,07:00:00,,True
GUCB050320FNZFBK73,v-025510,,13:00:00,True
GUCB050320FNZFBK73,v-025511,07:00:00,,True
GUCB050320FNZFBK73,v-025512,,13:00:00,True
GUCB050320FNZFBK73,v-025513,07:00:00,,False
GUCB050320FNZFBK73,v-025514,07:00:00,,False
GUCB050320FNZFBK73,v-025515,07:00:00,,True
GUCB050320FNZFBK73,v-025516,,13:00:00,True
GUCB050320FNZFBK73,v-025517,07:00:00,,False
GUCB050320FNZFBK73,v-025518,07:00:00,,False
GUCB050320FNZFBK73,v-025519,07:00:00,,True
GUCB050320FNZFBK73,v-025520,,13:00:00,True
GUCB050320FNZFBK73,v-025521,07:00:00,,True
GUCB050320FNZFBK73,v-025522,,13:00:00,True
GUCB050320FNZFBK73,v-025523,07:00:00,,False
GUCB050320FNZFBK73,v-025524,07:00:00,,False
GUCB050320FNZFBK73,v-025525,07:00:00,,True
GUCB050320FNZFBK73,v-025526,,13:00:00,True
GUCB050320FNZFBK73,v-025527,07:00:00,,False
CAPS020620FPCNMS01,v-025528,08:00:00,,True
CAPS020620FPCNMS01,v-025529,,14:00:00,True
CAPS020620FPCNMS01,v-025530,08:00:00,,True
CAPS020620FPCNMS01,v-025531,,14:00:00,True
CAPS020620FPCNMS01,v-025532,08:00:00,,False
CAPS020620FPCNMS01,v-025533,08:00:00,,True
CAPS020620FPCNMS01,v-025534,,14:00:00,True
CAPS020620FPCNMS01,v-025535,08:00:00,,False
CAPS020620FPCNMS01,v-025536,08:00:00,,True
CAPS020620FPCNMS01,v-025537,,14:00:00,True
CAPS020620FPCNMS01,v-025538,08:00:00,,True
CAPS020620FPCNMS01,v-025539,,14:00:00,True
CAPS020620FPCNMS01,v-025540,08:00:00,,False
CAPS020620FPCNMS01,v-025541,08:00:00,,False
CAPS020620FPCNMS01,v-025542,08:00:00,,True
CAPS020620FPCNMS01,v-025543,,14:00:00,True
CAPS020620FPCNMS01,v-025544,08:00:00,,True
CAPS020620FPCNMS01,v-025545,,14:00:00,True
CAPS020620FPCNMS01,v-025546,08:00:00,,True
CAPS020620FPCNMS01,v-025547,,14:00:00,True
CAPS020620FPCNMS01,v-025548,08:00:00,,True
CAPS020620FPCNMS01,v-025549,,14:00:00,True
SAGS031112FSSKLT42,v-025550,07:00:00,,True
SAGS031112FSSKLT42,v-025551,,15:00:00,True
SAGS031112FSSKLT42,v-025552,07:00:00,,False
ELHI600813FCQKWP09,v-025553,08:00:00,,True
ELHI600813FCQKWP09,v-025554,,14:00:00,True
ELHI600813FCQKWP09,v-025555,08:00:00,,True
ELHI600813FCQKWP09,v-025556,,14:00:00,True
ELHI600813FCQKWP09,v-025557,08:00:00,,True
ELHI600813FCQKWP09,v-025558,,14:00:00,True
ELHI600813FCQKWP09,v-025559,08:00:00,,False
ELHI600813FCQKWP09,v-025560,08:00:00,,True
ELHI600813FCQKWP09,v-025561,,14:00:00,True
RACC040110MQWUUJ67,v-025562,07:00:00,,True
RACC040110MQWUUJ67,v-025563,,14:00:00,True
RACC040110MQWUUJ67,v-025564,07:00:00,,True
RACC040110MQWUUJ67,v-025565,,14:00:00,True
RACC040110MQWUUJ67,v-025566,07:00:00,,False
RACC040110MQWUUJ67,v-025567,07:00:00,,True
RACC040110MQWUUJ67,v-025568,,14:00:00,True
RACC040110MQWUUJ67,v-025569,07:00:00,,False
RACC040110MQWUUJ67,v-025570,07:00:00,,True
RACC040110MQWUUJ67,v-025571,,14:00:00,True
RACC040110MQWUUJ67,v-025572,07:00:00,,True
RACC040110MQWUUJ67,v-025573,,14:00:00,True
RACC040110MQWUUJ67,v-025574,07:00:00,,True
RACC040110MQWUUJ67,v-025575,,14:00:00,True
RACC040110MQWUUJ67,v-025576,07:00:00,,False
RACC040110MQWUUJ67,v-025577,07:00:00,,True
RACC040110MQWUUJ67,v-025578,,14:00:00,True
RACC040110MQWUUJ67,v-025579,07:00:00,,True
RACC040110MQWUUJ67,v-025580,,14:00:00,True
RACC040110MQWUUJ67,v-025581,07:00:00,,True
RACC040110MQWUUJ67,v-025582,,14:00:00,True
RACC040110MQWUUJ67,v-025583,07:00:00,,True
RACC040110MQWUUJ67,v-025584,,14:00:00,True
RACC040110MQWUUJ67,v-025585,07:00:00,,True
RACC040110MQWUUJ67,v-025586,,14:00:00,True
RACC040110MQWUUJ67,v-025587,07:00:00,,True
RACC040110MQWUUJ67,v-025588,,14:00:00,True
RACC040110MQWUUJ67,v-025589,07:00:00,,True
RACC040110MQWUUJ67,v-025590,,14:00:00,True
RACC040110MQWUUJ67,v-025591,07:00:00,,True
RACC040110MQWUUJ67,v-025592,,14:00:00,True
RACC040110MQWUUJ67,v-025593,07:00:00,,True
RACC040110MQWUUJ67,v-025594,,14:00:00,True
RACC040110MQWUUJ67,v-025595,07:00:00,,False
RACC040110MQWUUJ67,v-025596,07:00:00,,False
RACC040110MQWUUJ67,v-025597,07:00:00,,False
LAGE020329FMKBGP75,v-025598,07:00:00,,False
LAGE020329FMKBGP75,v-025599,07:00:00,,True
LAGE020329FMKBGP75,v-025600,,13:00:00,True
LAGE020329FMKBGP75,v-025601,07:00:00,,True
LAGE020329FMKBGP75,v-025602,,13:00:00,True
LAGE020329FMKBGP75,v-025603,07:00:00,,False
LAGE020329FMKBGP75,v-025604,07:00:00,,False
LAGE020329FMKBGP75,v-025605,07:00:00,,True
LAGE020329FMKBGP75,v-025606,,13:00:00,True
LAGE020329FMKBGP75,v-025607,07:00:00,,True
LAGE020329FMKBGP75,v-025608,,13:00:00,True
LAGE020329FMKBGP75,v-025609,07:00:00,,False
LAGE020329FMKBGP75,v-025610,07:00:00,,True
LAGE020329FMKBGP75,v-025611,,13:00:00,True
LAGE020329FMKBGP75,v-025612,07:00:00,,False
LAGE020329FMKBGP75,v-025613,07:00:00,,False
LAGE020329FMKBGP75,v-025614,07:00:00,,True
LAGE020329FMKBGP75,v-025615,,13:00:00,True
LAGE020329FMKBGP75,v-025616,07:00:00,,True
LAGE020329FMKBGP75,v-025617,,13:00:00,True
LAGE020329FMKBGP75,v-025618,07:00:00,,True
LAGE020329FMKBGP75,v-025619,,13:00:00,True
LAGE020329FMKBGP75,v-025620,07:00:00,,True
LAGE020329FMKBGP75,v-025621,,13:00:00,True
LAGE020329FMKBGP75,v-025622,07:00:00,,True
LAGE020329FMKBGP75,v-025623,,13:00:00,True
LAGE020329FMKBGP75,v-025624,07:00:00,,True
LAGE020329FMKBGP75,v-025625,,13:00:00,True
LAGE020329FMKBGP75,v-025626,07:00:00,,True
LAGE020329FMKBGP75,v-025627,,13:00:00,True
LAGE020329FMKBGP75,v-025628,07:00:00,,False
LAGE020329FMKBGP75,v-025629,07:00:00,,True
LAGE020329FMKBGP75,v-025630,,13:00:00,True
LAGE020329FMKBGP75,v-025631,07:00:00,,False
LAGE020329FMKBGP75,v-025632,07:00:00,,False
LAGE020329FMKBGP75,v-025633,07:00:00,,False
LAGE020329FMKBGP75,v-025634,07:00:00,,True
LAGE020329FMKBGP75,v-025635,,13:00:00,True
LAGE020329FMKBGP75,v-025636,07:00:00,,True
LAGE020329FMKBGP75,v-025637,,13:00:00,True
LAGE020329FMKBGP75,v-025638,07:00:00,,False
LAGE020329FMKBGP75,v-025639,07:00:00,,True
LAGE020329FMKBGP75,v-025640,,13:00:00,True
LAGE020329FMKBGP75,v-025641,07:00:00,,True
LAGE020329FMKBGP75,v-025642,,13:00:00,True
PARE570128FTMIVR57,v-025643,07:00:00,,True
PARE570128FTMIVR57,v-025644,,14:00:00,True
LATC630612FPDUJR65,v-025645,07:00:00,,True
LATC630612FPDUJR65,v-025646,,15:00:00,True
LATC630612FPDUJR65,v-025647,07:00:00,,True
LATC630612FPDUJR65,v-025648,,15:00:00,True
LATC630612FPDUJR65,v-025649,07:00:00,,False
LATC630612FPDUJR65,v-025650,07:00:00,,False
LATC630612FPDUJR65,v-025651,07:00:00,,True
LATC630612FPDUJR65,v-025652,,15:00:00,True
LATC630612FPDUJR65,v-025653,07:00:00,,False
LATC630612FPDUJR65,v-025654,07:00:00,,False
LATC630612FPDUJR65,v-025655,07:00:00,,False
LATC630612FPDUJR65,v-025656,07:00:00,,False
LATC630612FPDUJR65,v-025657,07:00:00,,True
LATC630612FPDUJR65,v-025658,,15:00:00,True
LATC630612FPDUJR65,v-025659,07:00:00,,True
LATC630612FPDUJR65,v-025660,,15:00:00,True
LATC630612FPDUJR65,v-025661,07:00:00,,True
LATC630612FPDUJR65,v-025662,,15:00:00,True
LATC630612FPDUJR65,v-025663,07:00:00,,False
LATC630612FPDUJR65,v-025664,07:00:00,,True
LATC630612FPDUJR65,v-025665,,15:00:00,True
LATC630612FPDUJR65,v-025666,07:00:00,,True
LATC630612FPDUJR65,v-025667,,15:00:00,True
LATC630612FPDUJR65,v-025668,07:00:00,,True
LATC630612FPDUJR65,v-025669,,15:00:00,True
LATC630612FPDUJR65,v-025670,07:00:00,,False
LATC630612FPDUJR65,v-025671,07:00:00,,False
LATC630612FPDUJR65,v-025672,07:00:00,,True
LATC630612FPDUJR65,v-025673,,15:00:00,True
LATC630612FPDUJR65,v-025674,07:00:00,,True
LATC630612FPDUJR65,v-025675,,15:00:00,True
LATC630612FPDUJR65,v-025676,07:00:00,,False
LATC630612FPDUJR65,v-025677,07:00:00,,False
LATC630612FPDUJR65,v-025678,07:00:00,,True
LATC630612FPDUJR65,v-025679,,15:00:00,True
LATC630612FPDUJR65,v-025680,07:00:00,,True
LATC630612FPDUJR65,v-025681,,15:00:00,True
LATC630612FPDUJR65,v-025682,07:00:00,,False
LATC630612FPDUJR65,v-025683,07:00:00,,False
LATC630612FPDUJR65,v-025684,07:00:00,,False
LATC630612FPDUJR65,v-025685,07:00:00,,False
LATC630612FPDUJR65,v-025686,07:00:00,,False
LATC630612FPDUJR65,v-025687,07:00:00,,False
LATC630612FPDUJR65,v-025688,07:00:00,,True
LATC630612FPDUJR65,v-025689,,15:00:00,True
LATC630612FPDUJR65,v-025690,07:00:00,,False
LATC630612FPDUJR65,v-025691,07:00:00,,True
LATC630612FPDUJR65,v-025692,,15:00:00,True
LATC630612FPDUJR65,v-025693,07:00:00,,True
LATC630612FPDUJR65,v-025694,,15:00:00,True
LATC630612FPDUJR65,v-025695,07:00:00,,False
LATC630612FPDUJR65,v-025696,07:00:00,,True
LATC630612FPDUJR65,v-025697,,15:00:00,True
URGU820107MHOQUG16,v-025698,08:00:00,,True
URGU820107MHOQUG16,v-025699,,15:00:00,True
URGU820107MHOQUG16,v-025700,08:00:00,,True
URGU820107MHOQUG16,v-025701,,15:00:00,True
URGU820107MHOQUG16,v-025702,08:00:00,,True
URGU820107MHOQUG16,v-025703,,15:00:00,True
URGU820107MHOQUG16,v-025704,08:00:00,,True
URGU820107MHOQUG16,v-025705,,15:00:00,True
URGU820107MHOQUG16,v-025706,08:00:00,,True
URGU820107MHOQUG16,v-025707,,15:00:00,True
URGU820107MHOQUG16,v-025708,08:00:00,,True
URGU820107MHOQUG16,v-025709,,15:00:00,True
URGU820107MHOQUG16,v-025710,08:00:00,,False
URGU820107MHOQUG16,v-025711,08:00:00,,False
URGU820107MHOQUG16,v-025712,08:00:00,,True
URGU820107MHOQUG16,v-025713,,15:00:00,True
URGU820107MHOQUG16,v-025714,08:00:00,,False
MUSM970726FBHFQL03,v-025715,07:00:00,,True
MUSM970726FBHFQL03,v-025716,,15:00:00,True
MUSM970726FBHFQL03,v-025717,07:00:00,,True
MUSM970726FBHFQL03,v-025718,,15:00:00,True
MUSM970726FBHFQL03,v-025719,07:00:00,,False
MUSM970726FBHFQL03,v-025720,07:00:00,,False
MUSM970726FBHFQL03,v-025721,07:00:00,,True
MUSM970726FBHFQL03,v-025722,,15:00:00,True
MUSM970726FBHFQL03,v-025723,07:00:00,,False
MUSM970726FBHFQL03,v-025724,07:00:00,,True
MUSM970726FBHFQL03,v-025725,,15:00:00,True
MUSM970726FBHFQL03,v-025726,07:00:00,,False
MUSM970726FBHFQL03,v-025727,07:00:00,,True
MUSM970726FBHFQL03,v-025728,,15:00:00,True
MUSM970726FBHFQL03,v-025729,07:00:00,,True
MUSM970726FBHFQL03,v-025730,,15:00:00,True
MUSM970726FBHFQL03,v-025731,07:00:00,,False
MUSM970726FBHFQL03,v-025732,07:00:00,,True
MUSM970726FBHFQL03,v-025733,,15:00:00,True
MUSM970726FBHFQL03,v-025734,07:00:00,,True
MUSM970726FBHFQL03,v-025735,,15:00:00,True
MUSM970726FBHFQL03,v-025736,07:00:00,,True
MUSM970726FBHFQL03,v-025737,,15:00:00,True
MUSM970726FBHFQL03,v-025738,07:00:00,,True
MUSM970726FBHFQL03,v-025739,,15:00:00,True
MUSM970726FBHFQL03,v-025740,07:00:00,,False
MUSM970726FBHFQL03,v-025741,07:00:00,,True
MUSM970726FBHFQL03,v-025742,,15:00:00,True
MUSM970726FBHFQL03,v-025743,07:00:00,,False
MUSM970726FBHFQL03,v-025744,07:00:00,,False
MUSM970726FBHFQL03,v-025745,07:00:00,,True
MUSM970726FBHFQL03,v-025746,,15:00:00,True
MUSM970726FBHFQL03,v-025747,07:00:00,,True
MUSM970726FBHFQL03,v-025748,,15:00:00,True
MUSM970726FBHFQL03,v-025749,07:00:00,,True
MUSM970726FBHFQL03,v-025750,,15:00:00,True
MUSM970726FBHFQL03,v-025751,07:00:00,,False
MUSM970726FBHFQL03,v-025752,07:00:00,,False
MUSM970726FBHFQL03,v-025753,07:00:00,,True
MUSM970726FBHFQL03,v-025754,,15:00:00,True
MUSM970726FBHFQL03,v-025755,07:00:00,,False
COGT011112FODJAM06,v-025756,08:00:00,,False
COGT011112FODJAM06,v-025757,08:00:00,,False
COGT011112FODJAM06,v-025758,08:00:00,,True
COGT011112FODJAM06,v-025759,,14:00:00,True
COGT011112FODJAM06,v-025760,08:00:00,,True
COGT011112FODJAM06,v-025761,,14:00:00,True
COGT011112FODJAM06,v-025762,08:00:00,,True
COGT011112FODJAM06,v-025763,,14:00:00,True
COGT011112FODJAM06,v-025764,08:00:00,,True
COGT011112FODJAM06,v-025765,,14:00:00,True
COGT011112FODJAM06,v-025766,08:00:00,,False
COGT011112FODJAM06,v-025767,08:00:00,,True
COGT011112FODJAM06,v-025768,,14:00:00,True
COGT011112FODJAM06,v-025769,08:00:00,,True
COGT011112FODJAM06,v-025770,,14:00:00,True
COGT011112FODJAM06,v-025771,08:00:00,,True
COGT011112FODJAM06,v-025772,,14:00:00,True
COGT011112FODJAM06,v-025773,08:00:00,,True
COGT011112FODJAM06,v-025774,,14:00:00,True
COGT011112FODJAM06,v-025775,08:00:00,,True
COGT011112FODJAM06,v-025776,,14:00:00,True
COGT011112FODJAM06,v-025777,08:00:00,,True
COGT011112FODJAM06,v-025778,,14:00:00,True
COGT011112FODJAM06,v-025779,08:00:00,,True
COGT011112FODJAM06,v-025780,,14:00:00,True
COGT011112FODJAM06,v-025781,08:00:00,,False
COGT011112FODJAM06,v-025782,08:00:00,,True
COGT011112FODJAM06,v-025783,,14:00:00,True
COGT011112FODJAM06,v-025784,08:00:00,,False
COGT011112FODJAM06,v-025785,08:00:00,,True
COGT011112FODJAM06,v-025786,,14:00:00,True
COGT011112FODJAM06,v-025787,08:00:00,,True
COGT011112FODJAM06,v-025788,,14:00:00,True
COGT011112FODJAM06,v-025789,08:00:00,,True
COGT011112FODJAM06,v-025790,,14:00:00,True
COGT011112FODJAM06,v-025791,08:00:00,,False
COGT011112FODJAM06,v-025792,08:00:00,,True
COGT011112FODJAM06,v-025793,,14:00:00,True
COGT011112FODJAM06,v-025794,08:00:00,,True
COGT011112FODJAM06,v-025795,,14:00:00,True
COGT011112FODJAM06,v-025796,08:00:00,,True
COGT011112FODJAM06,v-025797,,14:00:00,True
COGT011112FODJAM06,v-025798,08:00:00,,True
COGT011112FODJAM06,v-025799,,14:00:00,True
LALA010605MASWNQ25,v-025800,08:00:00,,True
LALA010605MASWNQ25,v-025801,,14:00:00,True
LALA010605MASWNQ25,v-025802,08:00:00,,True
LALA010605MASWNQ25,v-025803,,14:00:00,True
LALA010605MASWNQ25,v-025804,08:00:00,,True
LALA010605MASWNQ25,v-025805,,14:00:00,True
LALA010605MASWNQ25,v-025806,08:00:00,,False
LALA010605MASWNQ25,v-025807,08:00:00,,True
LALA010605MASWNQ25,v-025808,,14:00:00,True
LALA010605MASWNQ25,v-025809,08:00:00,,False
LALA010605MASWNQ25,v-025810,08:00:00,,True
LALA010605MASWNQ25,v-025811,,14:00:00,True
PEAD010803MTBDDI63,v-025812,07:00:00,,True
PEAD010803MTBDDI63,v-025813,,15:00:00,True
PEAD010803MTBDDI63,v-025814,07:00:00,,True
PEAD010803MTBDDI63,v-025815,,15:00:00,True
PEAD010803MTBDDI63,v-025816,07:00:00,,True
PEAD010803MTBDDI63,v-025817,,15:00:00,True
PEAD010803MTBDDI63,v-025818,07:00:00,,True
PEAD010803MTBDDI63,v-025819,,15:00:00,True
PEAD010803MTBDDI63,v-025820,07:00:00,,False
PEAD010803MTBDDI63,v-025821,07:00:00,,False
PEAD010803MTBDDI63,v-025822,07:00:00,,True
PEAD010803MTBDDI63,v-025823,,15:00:00,True
PEAD010803MTBDDI63,v-025824,07:00:00,,True
PEAD010803MTBDDI63,v-025825,,15:00:00,True
PEAD010803MTBDDI63,v-025826,07:00:00,,True
PEAD010803MTBDDI63,v-025827,,15:00:00,True
PEAD010803MTBDDI63,v-025828,07:00:00,,True
PEAD010803MTBDDI63,v-025829,,15:00:00,True
PEAD010803MTBDDI63,v-025830,07:00:00,,False
PEAD010803MTBDDI63,v-025831,07:00:00,,False
PEAD010803MTBDDI63,v-025832,07:00:00,,True
PEAD010803MTBDDI63,v-025833,,15:00:00,True
PEAD010803MTBDDI63,v-025834,07:00:00,,False
PEAD010803MTBDDI63,v-025835,07:00:00,,False
PEAD010803MTBDDI63,v-025836,07:00:00,,False
PEAD010803MTBDDI63,v-025837,07:00:00,,True
PEAD010803MTBDDI63,v-025838,,15:00:00,True
PEAD010803MTBDDI63,v-025839,07:00:00,,True
PEAD010803MTBDDI63,v-025840,,15:00:00,True
PEAD010803MTBDDI63,v-025841,07:00:00,,True
PEAD010803MTBDDI63,v-025842,,15:00:00,True
PEAD010803MTBDDI63,v-025843,07:00:00,,True
PEAD010803MTBDDI63,v-025844,,15:00:00,True
PEAD010803MTBDDI63,v-025845,07:00:00,,True
PEAD010803MTBDDI63,v-025846,,15:00:00,True
PEAD010803MTBDDI63,v-025847,07:00:00,,True
PEAD010803MTBDDI63,v-025848,,15:00:00,True
PEAD010803MTBDDI63,v-025849,07:00:00,,True
PEAD010803MTBDDI63,v-025850,,15:00:00,True
PEAD010803MTBDDI63,v-025851,07:00:00,,True
PEAD010803MTBDDI63,v-025852,,15:00:00,True
PEAD010803MTBDDI63,v-025853,07:00:00,,False
PEAD010803MTBDDI63,v-025854,07:00:00,,True
PEAD010803MTBDDI63,v-025855,,15:00:00,True
PEAD010803MTBDDI63,v-025856,07:00:00,,True
PEAD010803MTBDDI63,v-025857,,15:00:00,True
PEAD010803MTBDDI63,v-025858,07:00:00,,True
PEAD010803MTBDDI63,v-025859,,15:00:00,True
PEAD010803MTBDDI63,v-025860,07:00:00,,True
PEAD010803MTBDDI63,v-025861,,15:00:00,True
PEAD010803MTBDDI63,v-025862,07:00:00,,False
PEAD010803MTBDDI63,v-025863,07:00:00,,True
PEAD010803MTBDDI63,v-025864,,15:00:00,True
PEAD010803MTBDDI63,v-025865,07:00:00,,True
PEAD010803MTBDDI63,v-025866,,15:00:00,True
PEAD010803MTBDDI63,v-025867,07:00:00,,False
PEAD010803MTBDDI63,v-025868,07:00:00,,True
PEAD010803MTBDDI63,v-025869,,15:00:00,True
PEAD010803MTBDDI63,v-025870,07:00:00,,True
PEAD010803MTBDDI63,v-025871,,15:00:00,True
PEAD010803MTBDDI63,v-025872,07:00:00,,False
PEAD010803MTBDDI63,v-025873,07:00:00,,False
PEAD010803MTBDDI63,v-025874,07:00:00,,True
PEAD010803MTBDDI63,v-025875,,15:00:00,True
PEAD010803MTBDDI63,v-025876,07:00:00,,True
PEAD010803MTBDDI63,v-025877,,15:00:00,True
PEAD010803MTBDDI63,v-025878,07:00:00,,False
PEAD010803MTBDDI63,v-025879,07:00:00,,True
PEAD010803MTBDDI63,v-025880,,15:00:00,True
PEAD010803MTBDDI63,v-025881,07:00:00,,False
PEAD010803MTBDDI63,v-025882,07:00:00,,False
PEAD010803MTBDDI63,v-025883,07:00:00,,False
PEAD010803MTBDDI63,v-025884,07:00:00,,True
PEAD010803MTBDDI63,v-025885,,15:00:00,True
PEAD010803MTBDDI63,v-025886,07:00:00,,True
PEAD010803MTBDDI63,v-025887,,15:00:00,True
HEMN820217MBNPGZ39,v-025888,07:00:00,,True
HEMN820217MBNPGZ39,v-025889,,15:00:00,True
HEMN820217MBNPGZ39,v-025890,07:00:00,,False
HEMN820217MBNPGZ39,v-025891,07:00:00,,True
HEMN820217MBNPGZ39,v-025892,,15:00:00,True
HEMN820217MBNPGZ39,v-025893,07:00:00,,False
HEMN820217MBNPGZ39,v-025894,07:00:00,,True
HEMN820217MBNPGZ39,v-025895,,15:00:00,True
HEMN820217MBNPGZ39,v-025896,07:00:00,,False
HEMN820217MBNPGZ39,v-025897,07:00:00,,True
HEMN820217MBNPGZ39,v-025898,,15:00:00,True
HEMN820217MBNPGZ39,v-025899,07:00:00,,True
HEMN820217MBNPGZ39,v-025900,,15:00:00,True
HEMN820217MBNPGZ39,v-025901,07:00:00,,False
HEMN820217MBNPGZ39,v-025902,07:00:00,,True
HEMN820217MBNPGZ39,v-025903,,15:00:00,True
HEMN820217MBNPGZ39,v-025904,07:00:00,,True
HEMN820217MBNPGZ39,v-025905,,15:00:00,True
HEMN820217MBNPGZ39,v-025906,07:00:00,,True
HEMN820217MBNPGZ39,v-025907,,15:00:00,True
HEMN820217MBNPGZ39,v-025908,07:00:00,,True
HEMN820217MBNPGZ39,v-025909,,15:00:00,True
HEMN820217MBNPGZ39,v-025910,07:00:00,,True
HEMN820217MBNPGZ39,v-025911,,15:00:00,True
HEMN820217MBNPGZ39,v-025912,07:00:00,,False
HEMN820217MBNPGZ39,v-025913,07:00:00,,False
HEMN820217MBNPGZ39,v-025914,07:00:00,,False
HEMN820217MBNPGZ39,v-025915,07:00:00,,True
HEMN820217MBNPGZ39,v-025916,,15:00:00,True
HEMN820217MBNPGZ39,v-025917,07:00:00,,True
HEMN820217MBNPGZ39,v-025918,,15:00:00,True
HEMN820217MBNPGZ39,v-025919,07:00:00,,True
HEMN820217MBNPGZ39,v-025920,,15:00:00,True
HEMN820217MBNPGZ39,v-025921,07:00:00,,True
HEMN820217MBNPGZ39,v-025922,,15:00:00,True
HEMN820217MBNPGZ39,v-025923,07:00:00,,True
HEMN820217MBNPGZ39,v-025924,,15:00:00,True
HEMN820217MBNPGZ39,v-025925,07:00:00,,True
HEMN820217MBNPGZ39,v-025926,,15:00:00,True
HEMN820217MBNPGZ39,v-025927,07:00:00,,False
HEMN820217MBNPGZ39,v-025928,07:00:00,,True
HEMN820217MBNPGZ39,v-025929,,15:00:00,True
HEMN820217MBNPGZ39,v-025930,07:00:00,,True
HEMN820217MBNPGZ39,v-025931,,15:00:00,True
HEMN820217MBNPGZ39,v-025932,07:00:00,,False
HEMN820217MBNPGZ39,v-025933,07:00:00,,True
HEMN820217MBNPGZ39,v-025934,,15:00:00,True
HEMN820217MBNPGZ39,v-025935,07:00:00,,True
HEMN820217MBNPGZ39,v-025936,,15:00:00,True
HEMN820217MBNPGZ39,v-025937,07:00:00,,True
HEMN820217MBNPGZ39,v-025938,,15:00:00,True
HEMN820217MBNPGZ39,v-025939,07:00:00,,False
HEMN820217MBNPGZ39,v-025940,07:00:00,,True
HEMN820217MBNPGZ39,v-025941,,15:00:00,True
HEMN820217MBNPGZ39,v-025942,07:00:00,,True
HEMN820217MBNPGZ39,v-025943,,15:00:00,True
HEMN820217MBNPGZ39,v-025944,07:00:00,,True
HEMN820217MBNPGZ39,v-025945,,15:00:00,True
HEMN820217MBNPGZ39,v-025946,07:00:00,,True
HEMN820217MBNPGZ39,v-025947,,15:00:00,True
HEMN820217MBNPGZ39,v-025948,07:00:00,,False
HEMN820217MBNPGZ39,v-025949,07:00:00,,False
HEMN820217MBNPGZ39,v-025950,07:00:00,,True
HEMN820217MBNPGZ39,v-025951,,15:00:00,True
HEMN820217MBNPGZ39,v-025952,07:00:00,,False
TOGD020522MTGBMO74,v-025953,07:00:00,,False
TOGD020522MTGBMO74,v-025954,07:00:00,,False
TOGD020522MTGBMO74,v-025955,07:00:00,,True
TOGD020522MTGBMO74,v-025956,,15:00:00,True
TOGD020522MTGBMO74,v-025957,07:00:00,,True
TOGD020522MTGBMO74,v-025958,,15:00:00,True
TOGD020522MTGBMO74,v-025959,07:00:00,,False
TOGD020522MTGBMO74,v-025960,07:00:00,,False
TOGD020522MTGBMO74,v-025961,07:00:00,,False
TOGD020522MTGBMO74,v-025962,07:00:00,,False
TOGD020522MTGBMO74,v-025963,07:00:00,,True
TOGD020522MTGBMO74,v-025964,,15:00:00,True
TOGD020522MTGBMO74,v-025965,07:00:00,,True
TOGD020522MTGBMO74,v-025966,,15:00:00,True
TOGD020522MTGBMO74,v-025967,07:00:00,,False
TOGD020522MTGBMO74,v-025968,07:00:00,,True
TOGD020522MTGBMO74,v-025969,,15:00:00,True
TOGD020522MTGBMO74,v-025970,07:00:00,,True
TOGD020522MTGBMO74,v-025971,,15:00:00,True
TOGD020522MTGBMO74,v-025972,07:00:00,,True
TOGD020522MTGBMO74,v-025973,,15:00:00,True
TOGD020522MTGBMO74,v-025974,07:00:00,,False
TOGD020522MTGBMO74,v-025975,07:00:00,,False
TOGD020522MTGBMO74,v-025976,07:00:00,,False
TOGD020522MTGBMO74,v-025977,07:00:00,,True
TOGD020522MTGBMO74,v-025978,,15:00:00,True
TOGD020522MTGBMO74,v-025979,07:00:00,,True
TOGD020522MTGBMO74,v-025980,,15:00:00,True
TOGD020522MTGBMO74,v-025981,07:00:00,,True
TOGD020522MTGBMO74,v-025982,,15:00:00,True
TOGD020522MTGBMO74,v-025983,07:00:00,,True
TOGD020522MTGBMO74,v-025984,,15:00:00,True
TOGD020522MTGBMO74,v-025985,07:00:00,,True
TOGD020522MTGBMO74,v-025986,,15:00:00,True
DELM040210FTRZFB35,v-025987,08:00:00,,True
DELM040210FTRZFB35,v-025988,,15:00:00,True
DELM040210FTRZFB35,v-025989,08:00:00,,False
DELM040210FTRZFB35,v-025990,08:00:00,,False
DELM040210FTRZFB35,v-025991,08:00:00,,True
DELM040210FTRZFB35,v-025992,,15:00:00,True
DELM040210FTRZFB35,v-025993,08:00:00,,True
DELM040210FTRZFB35,v-025994,,15:00:00,True
DELM040210FTRZFB35,v-025995,08:00:00,,True
DELM040210FTRZFB35,v-025996,,15:00:00,True
DELM040210FTRZFB35,v-025997,08:00:00,,True
DELM040210FTRZFB35,v-025998,,15:00:00,True
DELM040210FTRZFB35,v-025999,08:00:00,,True
DELM040210FTRZFB35,v-026000,,15:00:00,True
DELM040210FTRZFB35,v-026001,08:00:00,,False
DELM040210FTRZFB35,v-026002,08:00:00,,True
DELM040210FTRZFB35,v-026003,,15:00:00,True
DELM040210FTRZFB35,v-026004,08:00:00,,True
DELM040210FTRZFB35,v-026005,,15:00:00,True
DELM040210FTRZFB35,v-026006,08:00:00,,False
DELM040210FTRZFB35,v-026007,08:00:00,,True
DELM040210FTRZFB35,v-026008,,15:00:00,True
DELM040210FTRZFB35,v-026009,08:00:00,,True
DELM040210FTRZFB35,v-026010,,15:00:00,True
DELM040210FTRZFB35,v-026011,08:00:00,,True
DELM040210FTRZFB35,v-026012,,15:00:00,True
DELM040210FTRZFB35,v-026013,08:00:00,,False
DELM040210FTRZFB35,v-026014,08:00:00,,False
DELM040210FTRZFB35,v-026015,08:00:00,,False
DELM040210FTRZFB35,v-026016,08:00:00,,False
DELM040210FTRZFB35,v-026017,08:00:00,,True
DELM040210FTRZFB35,v-026018,,15:00:00,True
DELM040210FTRZFB35,v-026019,08:00:00,,True
DELM040210FTRZFB35,v-026020,,15:00:00,True
DELM040210FTRZFB35,v-026021,08:00:00,,False
DELM040210FTRZFB35,v-026022,08:00:00,,False
DELM040210FTRZFB35,v-026023,08:00:00,,True
DELM040210FTRZFB35,v-026024,,15:00:00,True
DELM040210FTRZFB35,v-026025,08:00:00,,True
DELM040210FTRZFB35,v-026026,,15:00:00,True
DELM040210FTRZFB35,v-026027,08:00:00,,True
DELM040210FTRZFB35,v-026028,,15:00:00,True
DELM040210FTRZFB35,v-026029,08:00:00,,False
DELM040210FTRZFB35,v-026030,08:00:00,,False
DELM040210FTRZFB35,v-026031,08:00:00,,False
DELM040210FTRZFB35,v-026032,08:00:00,,False
DELM040210FTRZFB35,v-026033,08:00:00,,True
DELM040210FTRZFB35,v-026034,,15:00:00,True
DELM040210FTRZFB35,v-026035,08:00:00,,True
DELM040210FTRZFB35,v-026036,,15:00:00,True
DELM040210FTRZFB35,v-026037,08:00:00,,True
DELM040210FTRZFB35,v-026038,,15:00:00,True
DELM040210FTRZFB35,v-026039,08:00:00,,True
DELM040210FTRZFB35,v-026040,,15:00:00,True
DELM040210FTRZFB35,v-026041,08:00:00,,True
DELM040210FTRZFB35,v-026042,,15:00:00,True
DELM040210FTRZFB35,v-026043,08:00:00,,True
DELM040210FTRZFB35,v-026044,,15:00:00,True
DELM040210FTRZFB35,v-026045,08:00:00,,False
DELM040210FTRZFB35,v-026046,08:00:00,,True
DELM040210FTRZFB35,v-026047,,15:00:00,True
DELM040210FTRZFB35,v-026048,08:00:00,,False
DELM040210FTRZFB35,v-026049,08:00:00,,False
DELM040210FTRZFB35,v-026050,08:00:00,,True
DELM040210FTRZFB35,v-026051,,15:00:00,True
DELM040210FTRZFB35,v-026052,08:00:00,,True
DELM040210FTRZFB35,v-026053,,15:00:00,True
DELM040210FTRZFB35,v-026054,08:00:00,,False
SORM060303FJZIFS69,v-026055,07:00:00,,False
SORM060303FJZIFS69,v-026056,07:00:00,,False
SORM060303FJZIFS69,v-026057,07:00:00,,True
SORM060303FJZIFS69,v-026058,,14:00:00,True
SORM060303FJZIFS69,v-026059,07:00:00,,False
SORM060303FJZIFS69,v-026060,07:00:00,,False
SORM060303FJZIFS69,v-026061,07:00:00,,False
SORM060303FJZIFS69,v-026062,07:00:00,,True
SORM060303FJZIFS69,v-026063,,14:00:00,True
SORM060303FJZIFS69,v-026064,07:00:00,,True
SORM060303FJZIFS69,v-026065,,14:00:00,True
SORM060303FJZIFS69,v-026066,07:00:00,,False
SORM060303FJZIFS69,v-026067,07:00:00,,True
SORM060303FJZIFS69,v-026068,,14:00:00,True
SORM060303FJZIFS69,v-026069,07:00:00,,True
SORM060303FJZIFS69,v-026070,,14:00:00,True
SORM060303FJZIFS69,v-026071,07:00:00,,True
SORM060303FJZIFS69,v-026072,,14:00:00,True
SORM060303FJZIFS69,v-026073,07:00:00,,True
SORM060303FJZIFS69,v-026074,,14:00:00,True
SORM060303FJZIFS69,v-026075,07:00:00,,True
SORM060303FJZIFS69,v-026076,,14:00:00,True
SORM060303FJZIFS69,v-026077,07:00:00,,True
SORM060303FJZIFS69,v-026078,,14:00:00,True
SORM060303FJZIFS69,v-026079,07:00:00,,True
SORM060303FJZIFS69,v-026080,,14:00:00,True
SORM060303FJZIFS69,v-026081,07:00:00,,True
SORM060303FJZIFS69,v-026082,,14:00:00,True
SORM060303FJZIFS69,v-026083,07:00:00,,True
SORM060303FJZIFS69,v-026084,,14:00:00,True
SORM060303FJZIFS69,v-026085,07:00:00,,False
SORM060303FJZIFS69,v-026086,07:00:00,,True
SORM060303FJZIFS69,v-026087,,14:00:00,True
SORM060303FJZIFS69,v-026088,07:00:00,,True
SORM060303FJZIFS69,v-026089,,14:00:00,True
SORM060303FJZIFS69,v-026090,07:00:00,,False
SORM060303FJZIFS69,v-026091,07:00:00,,True
SORM060303FJZIFS69,v-026092,,14:00:00,True
SORM060303FJZIFS69,v-026093,07:00:00,,False
SORM060303FJZIFS69,v-026094,07:00:00,,False
SORM060303FJZIFS69,v-026095,07:00:00,,True
SORM060303FJZIFS69,v-026096,,14:00:00,True
SORM060303FJZIFS69,v-026097,07:00:00,,False
SORM060303FJZIFS69,v-026098,07:00:00,,True
SORM060303FJZIFS69,v-026099,,14:00:00,True
SORM060303FJZIFS69,v-026100,07:00:00,,True
SORM060303FJZIFS69,v-026101,,14:00:00,True
AGRF011005FDYDHG79,v-026102,07:00:00,,False
AGRF011005FDYDHG79,v-026103,07:00:00,,True
AGRF011005FDYDHG79,v-026104,,15:00:00,True
AGRF011005FDYDHG79,v-026105,07:00:00,,False
AGRF011005FDYDHG79,v-026106,07:00:00,,True
AGRF011005FDYDHG79,v-026107,,15:00:00,True
AGRF011005FDYDHG79,v-026108,07:00:00,,True
AGRF011005FDYDHG79,v-026109,,15:00:00,True
AGRF011005FDYDHG79,v-026110,07:00:00,,False
AGRF011005FDYDHG79,v-026111,07:00:00,,True
AGRF011005FDYDHG79,v-026112,,15:00:00,True
AGRF011005FDYDHG79,v-026113,07:00:00,,False
AGRF011005FDYDHG79,v-026114,07:00:00,,True
AGRF011005FDYDHG79,v-026115,,15:00:00,True
AGRF011005FDYDHG79,v-026116,07:00:00,,False
AGRF011005FDYDHG79,v-026117,07:00:00,,True
AGRF011005FDYDHG79,v-026118,,15:00:00,True
AGRF011005FDYDHG79,v-026119,07:00:00,,True
AGRF011005FDYDHG79,v-026120,,15:00:00,True
AGRF011005FDYDHG79,v-026121,07:00:00,,False
AGRF011005FDYDHG79,v-026122,07:00:00,,True
AGRF011005FDYDHG79,v-026123,,15:00:00,True
AGRF011005FDYDHG79,v-026124,07:00:00,,True
AGRF011005FDYDHG79,v-026125,,15:00:00,True
AGRF011005FDYDHG79,v-026126,07:00:00,,False
HEPL590720FSTEEC52,v-026127,07:00:00,,True
HEPL590720FSTEEC52,v-026128,,13:00:00,True
HEPL590720FSTEEC52,v-026129,07:00:00,,False
HEPL590720FSTEEC52,v-026130,07:00:00,,True
HEPL590720FSTEEC52,v-026131,,13:00:00,True
HEPL590720FSTEEC52,v-026132,07:00:00,,True
HEPL590720FSTEEC52,v-026133,,13:00:00,True
HEPL590720FSTEEC52,v-026134,07:00:00,,False
HEPL590720FSTEEC52,v-026135,07:00:00,,False
HEPL590720FSTEEC52,v-026136,07:00:00,,True
HEPL590720FSTEEC52,v-026137,,13:00:00,True
HEPL590720FSTEEC52,v-026138,07:00:00,,True
HEPL590720FSTEEC52,v-026139,,13:00:00,True
HEPL590720FSTEEC52,v-026140,07:00:00,,True
HEPL590720FSTEEC52,v-026141,,13:00:00,True
HEPL590720FSTEEC52,v-026142,07:00:00,,True
HEPL590720FSTEEC52,v-026143,,13:00:00,True
HEPL590720FSTEEC52,v-026144,07:00:00,,False
HEPL590720FSTEEC52,v-026145,07:00:00,,True
HEPL590720FSTEEC52,v-026146,,13:00:00,True
HEPL590720FSTEEC52,v-026147,07:00:00,,True
HEPL590720FSTEEC52,v-026148,,13:00:00,True
HEPL590720FSTEEC52,v-026149,07:00:00,,False
HEPL590720FSTEEC52,v-026150,07:00:00,,True
HEPL590720FSTEEC52,v-026151,,13:00:00,True
HEPL590720FSTEEC52,v-026152,07:00:00,,False
HEPL590720FSTEEC52,v-026153,07:00:00,,False
HEPL590720FSTEEC52,v-026154,07:00:00,,False
HEPL590720FSTEEC52,v-026155,07:00:00,,True
HEPL590720FSTEEC52,v-026156,,13:00:00,True
HEPL590720FSTEEC52,v-026157,07:00:00,,False
HEPL590720FSTEEC52,v-026158,07:00:00,,True
HEPL590720FSTEEC52,v-026159,,13:00:00,True
HEPL590720FSTEEC52,v-026160,07:00:00,,False
HEPL590720FSTEEC52,v-026161,07:00:00,,True
HEPL590720FSTEEC52,v-026162,,13:00:00,True
HEPL590720FSTEEC52,v-026163,07:00:00,,True
HEPL590720FSTEEC52,v-026164,,13:00:00,True
HEPL590720FSTEEC52,v-026165,07:00:00,,False
HEPL590720FSTEEC52,v-026166,07:00:00,,False
HEPL590720FSTEEC52,v-026167,07:00:00,,False
HEPL590720FSTEEC52,v-026168,07:00:00,,True
HEPL590720FSTEEC52,v-026169,,13:00:00,True
HEPL590720FSTEEC52,v-026170,07:00:00,,False
HEPL590720FSTEEC52,v-026171,07:00:00,,False
HEPL590720FSTEEC52,v-026172,07:00:00,,True
HEPL590720FSTEEC52,v-026173,,13:00:00,True
HEPL590720FSTEEC52,v-026174,07:00:00,,True
HEPL590720FSTEEC52,v-026175,,13:00:00,True
HEPL590720FSTEEC52,v-026176,07:00:00,,True
HEPL590720FSTEEC52,v-026177,,13:00:00,True
HEPL590720FSTEEC52,v-026178,07:00:00,,True
HEPL590720FSTEEC52,v-026179,,13:00:00,True
HEPL590720FSTEEC52,v-026180,07:00:00,,True
HEPL590720FSTEEC52,v-026181,,13:00:00,True
HEPL590720FSTEEC52,v-026182,07:00:00,,True
HEPL590720FSTEEC52,v-026183,,13:00:00,True
CABD000107MSIQHF55,v-026184,07:00:00,,True
CABD000107MSIQHF55,v-026185,,15:00:00,True
CABD000107MSIQHF55,v-026186,07:00:00,,True
CABD000107MSIQHF55,v-026187,,15:00:00,True
CABD000107MSIQHF55,v-026188,07:00:00,,False
CABD000107MSIQHF55,v-026189,07:00:00,,True
CABD000107MSIQHF55,v-026190,,15:00:00,True
CABD000107MSIQHF55,v-026191,07:00:00,,True
CABD000107MSIQHF55,v-026192,,15:00:00,True
CABD000107MSIQHF55,v-026193,07:00:00,,False
CABD000107MSIQHF55,v-026194,07:00:00,,True
CABD000107MSIQHF55,v-026195,,15:00:00,True
CABD000107MSIQHF55,v-026196,07:00:00,,True
CABD000107MSIQHF55,v-026197,,15:00:00,True
CABD000107MSIQHF55,v-026198,07:00:00,,True
CABD000107MSIQHF55,v-026199,,15:00:00,True
CABD000107MSIQHF55,v-026200,07:00:00,,True
CABD000107MSIQHF55,v-026201,,15:00:00,True
CABD000107MSIQHF55,v-026202,07:00:00,,False
CABD000107MSIQHF55,v-026203,07:00:00,,False
CABD000107MSIQHF55,v-026204,07:00:00,,True
CABD000107MSIQHF55,v-026205,,15:00:00,True
CABD000107MSIQHF55,v-026206,07:00:00,,True
CABD000107MSIQHF55,v-026207,,15:00:00,True
ROSJ000213MBIZRN26,v-026208,08:00:00,,True
ROSJ000213MBIZRN26,v-026209,,15:00:00,True
ROSJ000213MBIZRN26,v-026210,08:00:00,,True
ROSJ000213MBIZRN26,v-026211,,15:00:00,True
ROSJ000213MBIZRN26,v-026212,08:00:00,,False
ROSJ000213MBIZRN26,v-026213,08:00:00,,False
ROSJ000213MBIZRN26,v-026214,08:00:00,,False
ROSJ000213MBIZRN26,v-026215,08:00:00,,True
ROSJ000213MBIZRN26,v-026216,,15:00:00,True
ROSJ000213MBIZRN26,v-026217,08:00:00,,True
ROSJ000213MBIZRN26,v-026218,,15:00:00,True
ROSJ000213MBIZRN26,v-026219,08:00:00,,False
ROSJ000213MBIZRN26,v-026220,08:00:00,,True
ROSJ000213MBIZRN26,v-026221,,15:00:00,True
ROSJ000213MBIZRN26,v-026222,08:00:00,,False
ROSJ000213MBIZRN26,v-026223,08:00:00,,False
ROSJ000213MBIZRN26,v-026224,08:00:00,,True
ROSJ000213MBIZRN26,v-026225,,15:00:00,True
ROSJ000213MBIZRN26,v-026226,08:00:00,,False
ROSJ000213MBIZRN26,v-026227,08:00:00,,False
ROSJ000213MBIZRN26,v-026228,08:00:00,,False
ROSJ000213MBIZRN26,v-026229,08:00:00,,True
ROSJ000213MBIZRN26,v-026230,,15:00:00,True
ROSJ000213MBIZRN26,v-026231,08:00:00,,True
ROSJ000213MBIZRN26,v-026232,,15:00:00,True
ROSJ000213MBIZRN26,v-026233,08:00:00,,True
ROSJ000213MBIZRN26,v-026234,,15:00:00,True
ROSJ000213MBIZRN26,v-026235,08:00:00,,True
ROSJ000213MBIZRN26,v-026236,,15:00:00,True
ROSJ000213MBIZRN26,v-026237,08:00:00,,True
ROSJ000213MBIZRN26,v-026238,,15:00:00,True
ROSJ000213MBIZRN26,v-026239,08:00:00,,True
ROSJ000213MBIZRN26,v-026240,,15:00:00,True
ROSJ000213MBIZRN26,v-026241,08:00:00,,True
ROSJ000213MBIZRN26,v-026242,,15:00:00,True
ROSJ000213MBIZRN26,v-026243,08:00:00,,False
ROSJ000213MBIZRN26,v-026244,08:00:00,,False
ROSJ000213MBIZRN26,v-026245,08:00:00,,False
ROSJ000213MBIZRN26,v-026246,08:00:00,,True
ROSJ000213MBIZRN26,v-026247,,15:00:00,True
ROSJ000213MBIZRN26,v-026248,08:00:00,,False
ROSJ000213MBIZRN26,v-026249,08:00:00,,False
ROSJ000213MBIZRN26,v-026250,08:00:00,,False
ROSJ000213MBIZRN26,v-026251,08:00:00,,False
ROSJ000213MBIZRN26,v-026252,08:00:00,,True
ROSJ000213MBIZRN26,v-026253,,15:00:00,True
ROSJ000213MBIZRN26,v-026254,08:00:00,,True
ROSJ000213MBIZRN26,v-026255,,15:00:00,True
ROSJ000213MBIZRN26,v-026256,08:00:00,,True
ROSJ000213MBIZRN26,v-026257,,15:00:00,True
ROSJ000213MBIZRN26,v-026258,08:00:00,,False
ROSJ000213MBIZRN26,v-026259,08:00:00,,True
ROSJ000213MBIZRN26,v-026260,,15:00:00,True
ROSJ000213MBIZRN26,v-026261,08:00:00,,False
POSL020901FNYGTD11,v-026262,07:00:00,,True
POSL020901FNYGTD11,v-026263,,15:00:00,True
POSL020901FNYGTD11,v-026264,07:00:00,,True
POSL020901FNYGTD11,v-026265,,15:00:00,True
POSL020901FNYGTD11,v-026266,07:00:00,,False
POSL020901FNYGTD11,v-026267,07:00:00,,True
POSL020901FNYGTD11,v-026268,,15:00:00,True
POSL020901FNYGTD11,v-026269,07:00:00,,True
POSL020901FNYGTD11,v-026270,,15:00:00,True
NUDA010626FPJZHK67,v-026271,08:00:00,,False
NUDA010626FPJZHK67,v-026272,08:00:00,,False
NUDA010626FPJZHK67,v-026273,08:00:00,,False
NUDA010626FPJZHK67,v-026274,08:00:00,,False
NUDA010626FPJZHK67,v-026275,08:00:00,,True
NUDA010626FPJZHK67,v-026276,,14:00:00,True
NUDA010626FPJZHK67,v-026277,08:00:00,,False
NUDA010626FPJZHK67,v-026278,08:00:00,,False
NUDA010626FPJZHK67,v-026279,08:00:00,,True
NUDA010626FPJZHK67,v-026280,,14:00:00,True
NUDA010626FPJZHK67,v-026281,08:00:00,,False
NUDA010626FPJZHK67,v-026282,08:00:00,,True
NUDA010626FPJZHK67,v-026283,,14:00:00,True
NUDA010626FPJZHK67,v-026284,08:00:00,,False
NUDA010626FPJZHK67,v-026285,08:00:00,,False
NUDA010626FPJZHK67,v-026286,08:00:00,,False
NUDA010626FPJZHK67,v-026287,08:00:00,,False
NUDA010626FPJZHK67,v-026288,08:00:00,,False
NUDA010626FPJZHK67,v-026289,08:00:00,,True
NUDA010626FPJZHK67,v-026290,,14:00:00,True
NUDA010626FPJZHK67,v-026291,08:00:00,,True
NUDA010626FPJZHK67,v-026292,,14:00:00,True
NUDA010626FPJZHK67,v-026293,08:00:00,,True
NUDA010626FPJZHK67,v-026294,,14:00:00,True
NUDA010626FPJZHK67,v-026295,08:00:00,,False
NUDA010626FPJZHK67,v-026296,08:00:00,,True
NUDA010626FPJZHK67,v-026297,,14:00:00,True
NUDA010626FPJZHK67,v-026298,08:00:00,,False
NUDA010626FPJZHK67,v-026299,08:00:00,,False
NUDA010626FPJZHK67,v-026300,08:00:00,,True
NUDA010626FPJZHK67,v-026301,,14:00:00,True
NUDA010626FPJZHK67,v-026302,08:00:00,,True
NUDA010626FPJZHK67,v-026303,,14:00:00,True
NUDA010626FPJZHK67,v-026304,08:00:00,,True
NUDA010626FPJZHK67,v-026305,,14:00:00,True
NUDA010626FPJZHK67,v-026306,08:00:00,,True
NUDA010626FPJZHK67,v-026307,,14:00:00,True
NUDA010626FPJZHK67,v-026308,08:00:00,,True
NUDA010626FPJZHK67,v-026309,,14:00:00,True
NUDA010626FPJZHK67,v-026310,08:00:00,,True
NUDA010626FPJZHK67,v-026311,,14:00:00,True
NUDA010626FPJZHK67,v-026312,08:00:00,,True
NUDA010626FPJZHK67,v-026313,,14:00:00,True
NUDA010626FPJZHK67,v-026314,08:00:00,,True
NUDA010626FPJZHK67,v-026315,,14:00:00,True
NUDA010626FPJZHK67,v-026316,08:00:00,,True
NUDA010626FPJZHK67,v-026317,,14:00:00,True
NUDA010626FPJZHK67,v-026318,08:00:00,,True
NUDA010626FPJZHK67,v-026319,,14:00:00,True
NUDA010626FPJZHK67,v-026320,08:00:00,,True
NUDA010626FPJZHK67,v-026321,,14:00:00,True
NUDA010626FPJZHK67,v-026322,08:00:00,,True
NUDA010626FPJZHK67,v-026323,,14:00:00,True
NUDA010626FPJZHK67,v-026324,08:00:00,,True
NUDA010626FPJZHK67,v-026325,,14:00:00,True
NUDA010626FPJZHK67,v-026326,08:00:00,,True
NUDA010626FPJZHK67,v-026327,,14:00:00,True
NUDA010626FPJZHK67,v-026328,08:00:00,,False
NUDA010626FPJZHK67,v-026329,08:00:00,,False
NUDA010626FPJZHK67,v-026330,08:00:00,,True
NUDA010626FPJZHK67,v-026331,,14:00:00,True
NUDA010626FPJZHK67,v-026332,08:00:00,,False
NUDA010626FPJZHK67,v-026333,08:00:00,,True
NUDA010626FPJZHK67,v-026334,,14:00:00,True
ORSJ020605MDFGIO88,v-026335,07:00:00,,False
ORSJ020605MDFGIO88,v-026336,07:00:00,,True
ORSJ020605MDFGIO88,v-026337,,15:00:00,True
ORSJ020605MDFGIO88,v-026338,07:00:00,,True
ORSJ020605MDFGIO88,v-026339,,15:00:00,True
ORSJ020605MDFGIO88,v-026340,07:00:00,,True
ORSJ020605MDFGIO88,v-026341,,15:00:00,True
ORSJ020605MDFGIO88,v-026342,07:00:00,,True
ORSJ020605MDFGIO88,v-026343,,15:00:00,True
ORSJ020605MDFGIO88,v-026344,07:00:00,,False
ORSJ020605MDFGIO88,v-026345,07:00:00,,True
ORSJ020605MDFGIO88,v-026346,,15:00:00,True
ORSJ020605MDFGIO88,v-026347,07:00:00,,True
ORSJ020605MDFGIO88,v-026348,,15:00:00,True
ORSJ020605MDFGIO88,v-026349,07:00:00,,False
ORSJ020605MDFGIO88,v-026350,07:00:00,,True
ORSJ020605MDFGIO88,v-026351,,15:00:00,True
ORSJ020605MDFGIO88,v-026352,07:00:00,,False
ORSJ020605MDFGIO88,v-026353,07:00:00,,True
ORSJ020605MDFGIO88,v-026354,,15:00:00,True
ORSJ020605MDFGIO88,v-026355,07:00:00,,True
ORSJ020605MDFGIO88,v-026356,,15:00:00,True
ORSJ020605MDFGIO88,v-026357,07:00:00,,True
ORSJ020605MDFGIO88,v-026358,,15:00:00,True
ORSJ020605MDFGIO88,v-026359,07:00:00,,False
ORSJ020605MDFGIO88,v-026360,07:00:00,,False
ORSJ020605MDFGIO88,v-026361,07:00:00,,True
ORSJ020605MDFGIO88,v-026362,,15:00:00,True
ORSJ020605MDFGIO88,v-026363,07:00:00,,True
ORSJ020605MDFGIO88,v-026364,,15:00:00,True
ORSJ020605MDFGIO88,v-026365,07:00:00,,False
ORSJ020605MDFGIO88,v-026366,07:00:00,,True
ORSJ020605MDFGIO88,v-026367,,15:00:00,True
ORSJ020605MDFGIO88,v-026368,07:00:00,,False
ORSJ020605MDFGIO88,v-026369,07:00:00,,True
ORSJ020605MDFGIO88,v-026370,,15:00:00,True
ORSJ020605MDFGIO88,v-026371,07:00:00,,True
ORSJ020605MDFGIO88,v-026372,,15:00:00,True
ORSJ020605MDFGIO88,v-026373,07:00:00,,False
ORSJ020605MDFGIO88,v-026374,07:00:00,,True
ORSJ020605MDFGIO88,v-026375,,15:00:00,True
ORSJ020605MDFGIO88,v-026376,07:00:00,,False
ORSJ020605MDFGIO88,v-026377,07:00:00,,False
MACA000426FVVLEW06,v-026378,08:00:00,,False
MACA000426FVVLEW06,v-026379,08:00:00,,False
MACA000426FVVLEW06,v-026380,08:00:00,,False
MACA000426FVVLEW06,v-026381,08:00:00,,True
MACA000426FVVLEW06,v-026382,,15:00:00,True
MACA000426FVVLEW06,v-026383,08:00:00,,False
MACA000426FVVLEW06,v-026384,08:00:00,,True
MACA000426FVVLEW06,v-026385,,15:00:00,True
MACA000426FVVLEW06,v-026386,08:00:00,,True
MACA000426FVVLEW06,v-026387,,15:00:00,True
MACA000426FVVLEW06,v-026388,08:00:00,,True
MACA000426FVVLEW06,v-026389,,15:00:00,True
MACA000426FVVLEW06,v-026390,08:00:00,,False
MACA000426FVVLEW06,v-026391,08:00:00,,False
MACA000426FVVLEW06,v-026392,08:00:00,,False
MACA000426FVVLEW06,v-026393,08:00:00,,False
MACA000426FVVLEW06,v-026394,08:00:00,,False
MACA000426FVVLEW06,v-026395,08:00:00,,False
MACA000426FVVLEW06,v-026396,08:00:00,,True
MACA000426FVVLEW06,v-026397,,15:00:00,True
MACA000426FVVLEW06,v-026398,08:00:00,,False
MACA000426FVVLEW06,v-026399,08:00:00,,True
MACA000426FVVLEW06,v-026400,,15:00:00,True
MACA000426FVVLEW06,v-026401,08:00:00,,True
MACA000426FVVLEW06,v-026402,,15:00:00,True
MACA000426FVVLEW06,v-026403,08:00:00,,True
MACA000426FVVLEW06,v-026404,,15:00:00,True
MACA000426FVVLEW06,v-026405,08:00:00,,True
MACA000426FVVLEW06,v-026406,,15:00:00,True
MACA000426FVVLEW06,v-026407,08:00:00,,True
MACA000426FVVLEW06,v-026408,,15:00:00,True
MACA000426FVVLEW06,v-026409,08:00:00,,True
MACA000426FVVLEW06,v-026410,,15:00:00,True
MACA000426FVVLEW06,v-026411,08:00:00,,True
MACA000426FVVLEW06,v-026412,,15:00:00,True
MACA000426FVVLEW06,v-026413,08:00:00,,True
MACA000426FVVLEW06,v-026414,,15:00:00,True
MACA000426FVVLEW06,v-026415,08:00:00,,True
MACA000426FVVLEW06,v-026416,,15:00:00,True
MACA000426FVVLEW06,v-026417,08:00:00,,False
MACA000426FVVLEW06,v-026418,08:00:00,,False
MACA000426FVVLEW06,v-026419,08:00:00,,True
MACA000426FVVLEW06,v-026420,,15:00:00,True
MACA000426FVVLEW06,v-026421,08:00:00,,False
MACA000426FVVLEW06,v-026422,08:00:00,,False
MACA000426FVVLEW06,v-026423,08:00:00,,False
MACA000426FVVLEW06,v-026424,08:00:00,,True
MACA000426FVVLEW06,v-026425,,15:00:00,True
MACA000426FVVLEW06,v-026426,08:00:00,,True
MACA000426FVVLEW06,v-026427,,15:00:00,True
MACA000426FVVLEW06,v-026428,08:00:00,,True
MACA000426FVVLEW06,v-026429,,15:00:00,True
MACA000426FVVLEW06,v-026430,08:00:00,,True
MACA000426FVVLEW06,v-026431,,15:00:00,True
MACA000426FVVLEW06,v-026432,08:00:00,,True
MACA000426FVVLEW06,v-026433,,15:00:00,True
MACA000426FVVLEW06,v-026434,08:00:00,,False
MACA000426FVVLEW06,v-026435,08:00:00,,True
MACA000426FVVLEW06,v-026436,,15:00:00,True
MACA000426FVVLEW06,v-026437,08:00:00,,True
MACA000426FVVLEW06,v-026438,,15:00:00,True
MACA000426FVVLEW06,v-026439,08:00:00,,False
CRLT031014MMOMIQ63,v-026440,08:00:00,,True
CRLT031014MMOMIQ63,v-026441,,14:00:00,True
CRLT031014MMOMIQ63,v-026442,08:00:00,,True
CRLT031014MMOMIQ63,v-026443,,14:00:00,True
CRLT031014MMOMIQ63,v-026444,08:00:00,,True
CRLT031014MMOMIQ63,v-026445,,14:00:00,True
CRLT031014MMOMIQ63,v-026446,08:00:00,,False
CRLT031014MMOMIQ63,v-026447,08:00:00,,True
CRLT031014MMOMIQ63,v-026448,,14:00:00,True
CRLT031014MMOMIQ63,v-026449,08:00:00,,True
CRLT031014MMOMIQ63,v-026450,,14:00:00,True
CRLT031014MMOMIQ63,v-026451,08:00:00,,True
CRLT031014MMOMIQ63,v-026452,,14:00:00,True
CRLT031014MMOMIQ63,v-026453,08:00:00,,False
CRLT031014MMOMIQ63,v-026454,08:00:00,,False
CRLT031014MMOMIQ63,v-026455,08:00:00,,False
CRLT031014MMOMIQ63,v-026456,08:00:00,,True
CRLT031014MMOMIQ63,v-026457,,14:00:00,True
CRLT031014MMOMIQ63,v-026458,08:00:00,,False
CRLT031014MMOMIQ63,v-026459,08:00:00,,True
CRLT031014MMOMIQ63,v-026460,,14:00:00,True
CRLT031014MMOMIQ63,v-026461,08:00:00,,False
CRLT031014MMOMIQ63,v-026462,08:00:00,,True
CRLT031014MMOMIQ63,v-026463,,14:00:00,True
CRLT031014MMOMIQ63,v-026464,08:00:00,,True
CRLT031014MMOMIQ63,v-026465,,14:00:00,True
CRLT031014MMOMIQ63,v-026466,08:00:00,,True
CRLT031014MMOMIQ63,v-026467,,14:00:00,True
CRLT031014MMOMIQ63,v-026468,08:00:00,,False
CRLT031014MMOMIQ63,v-026469,08:00:00,,False
CRLT031014MMOMIQ63,v-026470,08:00:00,,True
CRLT031014MMOMIQ63,v-026471,,14:00:00,True
CRLT031014MMOMIQ63,v-026472,08:00:00,,False
CRLT031014MMOMIQ63,v-026473,08:00:00,,True
CRLT031014MMOMIQ63,v-026474,,14:00:00,True
CRLT031014MMOMIQ63,v-026475,08:00:00,,True
CRLT031014MMOMIQ63,v-026476,,14:00:00,True
CRLT031014MMOMIQ63,v-026477,08:00:00,,False
CRLT031014MMOMIQ63,v-026478,08:00:00,,True
CRLT031014MMOMIQ63,v-026479,,14:00:00,True
CRLT031014MMOMIQ63,v-026480,08:00:00,,True
CRLT031014MMOMIQ63,v-026481,,14:00:00,True
CRLT031014MMOMIQ63,v-026482,08:00:00,,True
CRLT031014MMOMIQ63,v-026483,,14:00:00,True
CRLT031014MMOMIQ63,v-026484,08:00:00,,True
CRLT031014MMOMIQ63,v-026485,,14:00:00,True
CRLT031014MMOMIQ63,v-026486,08:00:00,,False
CRLT031014MMOMIQ63,v-026487,08:00:00,,False
CRLT031014MMOMIQ63,v-026488,08:00:00,,False
CRLT031014MMOMIQ63,v-026489,08:00:00,,True
CRLT031014MMOMIQ63,v-026490,,14:00:00,True
CRLT031014MMOMIQ63,v-026491,08:00:00,,True
CRLT031014MMOMIQ63,v-026492,,14:00:00,True
CRLT031014MMOMIQ63,v-026493,08:00:00,,False
CALA050613FSYZFO50,v-026494,08:00:00,,False
CALA050613FSYZFO50,v-026495,08:00:00,,False
CALA050613FSYZFO50,v-026496,08:00:00,,False
CALA050613FSYZFO50,v-026497,08:00:00,,True
CALA050613FSYZFO50,v-026498,,14:00:00,True
CALA050613FSYZFO50,v-026499,08:00:00,,True
CALA050613FSYZFO50,v-026500,,14:00:00,True
CALA050613FSYZFO50,v-026501,08:00:00,,False
CALA050613FSYZFO50,v-026502,08:00:00,,False
CALA050613FSYZFO50,v-026503,08:00:00,,True
CALA050613FSYZFO50,v-026504,,14:00:00,True
CALA050613FSYZFO50,v-026505,08:00:00,,True
CALA050613FSYZFO50,v-026506,,14:00:00,True
CALA050613FSYZFO50,v-026507,08:00:00,,False
CALA050613FSYZFO50,v-026508,08:00:00,,True
CALA050613FSYZFO50,v-026509,,14:00:00,True
CALA050613FSYZFO50,v-026510,08:00:00,,True
CALA050613FSYZFO50,v-026511,,14:00:00,True
CALA050613FSYZFO50,v-026512,08:00:00,,True
CALA050613FSYZFO50,v-026513,,14:00:00,True
CALA050613FSYZFO50,v-026514,08:00:00,,True
CALA050613FSYZFO50,v-026515,,14:00:00,True
CALA050613FSYZFO50,v-026516,08:00:00,,True
CALA050613FSYZFO50,v-026517,,14:00:00,True
CALA050613FSYZFO50,v-026518,08:00:00,,False
CALA050613FSYZFO50,v-026519,08:00:00,,False
CALA050613FSYZFO50,v-026520,08:00:00,,True
CALA050613FSYZFO50,v-026521,,14:00:00,True
CALA050613FSYZFO50,v-026522,08:00:00,,False
CALA050613FSYZFO50,v-026523,08:00:00,,False
CALA050613FSYZFO50,v-026524,08:00:00,,True
CALA050613FSYZFO50,v-026525,,14:00:00,True
CALA050613FSYZFO50,v-026526,08:00:00,,True
CALA050613FSYZFO50,v-026527,,14:00:00,True
CALA050613FSYZFO50,v-026528,08:00:00,,True
CALA050613FSYZFO50,v-026529,,14:00:00,True
CALA050613FSYZFO50,v-026530,08:00:00,,True
CALA050613FSYZFO50,v-026531,,14:00:00,True
CALA050613FSYZFO50,v-026532,08:00:00,,True
CALA050613FSYZFO50,v-026533,,14:00:00,True
CALA050613FSYZFO50,v-026534,08:00:00,,True
CALA050613FSYZFO50,v-026535,,14:00:00,True
CALA050613FSYZFO50,v-026536,08:00:00,,True
CALA050613FSYZFO50,v-026537,,14:00:00,True
CALA050613FSYZFO50,v-026538,08:00:00,,True
CALA050613FSYZFO50,v-026539,,14:00:00,True
CALA050613FSYZFO50,v-026540,08:00:00,,False
CALA050613FSYZFO50,v-026541,08:00:00,,False
RUCB020611FACMHH16,v-026542,07:00:00,,True
RUCB020611FACMHH16,v-026543,,14:00:00,True
RUCB020611FACMHH16,v-026544,07:00:00,,True
RUCB020611FACMHH16,v-026545,,14:00:00,True
RUCB020611FACMHH16,v-026546,07:00:00,,True
RUCB020611FACMHH16,v-026547,,14:00:00,True
RUCB020611FACMHH16,v-026548,07:00:00,,True
RUCB020611FACMHH16,v-026549,,14:00:00,True
RUCB020611FACMHH16,v-026550,07:00:00,,True
RUCB020611FACMHH16,v-026551,,14:00:00,True
RUCB020611FACMHH16,v-026552,07:00:00,,True
RUCB020611FACMHH16,v-026553,,14:00:00,True
RUCB020611FACMHH16,v-026554,07:00:00,,False
RUCB020611FACMHH16,v-026555,07:00:00,,True
RUCB020611FACMHH16,v-026556,,14:00:00,True
RUCB020611FACMHH16,v-026557,07:00:00,,True
RUCB020611FACMHH16,v-026558,,14:00:00,True
RUCB020611FACMHH16,v-026559,07:00:00,,False
RUCB020611FACMHH16,v-026560,07:00:00,,True
RUCB020611FACMHH16,v-026561,,14:00:00,True
RUCB020611FACMHH16,v-026562,07:00:00,,True
RUCB020611FACMHH16,v-026563,,14:00:00,True
RUCB020611FACMHH16,v-026564,07:00:00,,True
RUCB020611FACMHH16,v-026565,,14:00:00,True
RUCB020611FACMHH16,v-026566,07:00:00,,False
RUCB020611FACMHH16,v-026567,07:00:00,,False
RUCB020611FACMHH16,v-026568,07:00:00,,True
RUCB020611FACMHH16,v-026569,,14:00:00,True
RUCB020611FACMHH16,v-026570,07:00:00,,False
RUCB020611FACMHH16,v-026571,07:00:00,,False
RUCB020611FACMHH16,v-026572,07:00:00,,False
RUCB020611FACMHH16,v-026573,07:00:00,,True
RUCB020611FACMHH16,v-026574,,14:00:00,True
RUCB020611FACMHH16,v-026575,07:00:00,,True
RUCB020611FACMHH16,v-026576,,14:00:00,True
RUCB020611FACMHH16,v-026577,07:00:00,,True
RUCB020611FACMHH16,v-026578,,14:00:00,True
RUCB020611FACMHH16,v-026579,07:00:00,,True
RUCB020611FACMHH16,v-026580,,14:00:00,True
RUCB020611FACMHH16,v-026581,07:00:00,,False
JIUJ060429MVQTYC02,v-026582,07:00:00,,True
JIUJ060429MVQTYC02,v-026583,,14:00:00,True
JIUJ060429MVQTYC02,v-026584,07:00:00,,False
JIUJ060429MVQTYC02,v-026585,07:00:00,,True
JIUJ060429MVQTYC02,v-026586,,14:00:00,True
JIUJ060429MVQTYC02,v-026587,07:00:00,,True
JIUJ060429MVQTYC02,v-026588,,14:00:00,True
JIUJ060429MVQTYC02,v-026589,07:00:00,,True
JIUJ060429MVQTYC02,v-026590,,14:00:00,True
JIUJ060429MVQTYC02,v-026591,07:00:00,,False
JIUJ060429MVQTYC02,v-026592,07:00:00,,True
JIUJ060429MVQTYC02,v-026593,,14:00:00,True
JIUJ060429MVQTYC02,v-026594,07:00:00,,False
JIUJ060429MVQTYC02,v-026595,07:00:00,,False
JIUJ060429MVQTYC02,v-026596,07:00:00,,False
JIUJ060429MVQTYC02,v-026597,07:00:00,,False
JIUJ060429MVQTYC02,v-026598,07:00:00,,True
JIUJ060429MVQTYC02,v-026599,,14:00:00,True
JIUJ060429MVQTYC02,v-026600,07:00:00,,False
JIUJ060429MVQTYC02,v-026601,07:00:00,,True
JIUJ060429MVQTYC02,v-026602,,14:00:00,True
MEEJ030505MCFJXD81,v-026603,08:00:00,,False
MEEJ030505MCFJXD81,v-026604,08:00:00,,False
MEEJ030505MCFJXD81,v-026605,08:00:00,,False
MEEJ030505MCFJXD81,v-026606,08:00:00,,True
MEEJ030505MCFJXD81,v-026607,,15:00:00,True
MEEJ030505MCFJXD81,v-026608,08:00:00,,True
MEEJ030505MCFJXD81,v-026609,,15:00:00,True
MEEJ030505MCFJXD81,v-026610,08:00:00,,False
MEEJ030505MCFJXD81,v-026611,08:00:00,,False
MEEJ030505MCFJXD81,v-026612,08:00:00,,True
MEEJ030505MCFJXD81,v-026613,,15:00:00,True
MEEJ030505MCFJXD81,v-026614,08:00:00,,True
MEEJ030505MCFJXD81,v-026615,,15:00:00,True
MEEJ030505MCFJXD81,v-026616,08:00:00,,False
MEEJ030505MCFJXD81,v-026617,08:00:00,,True
MEEJ030505MCFJXD81,v-026618,,15:00:00,True
MEEJ030505MCFJXD81,v-026619,08:00:00,,False
MEEJ030505MCFJXD81,v-026620,08:00:00,,True
MEEJ030505MCFJXD81,v-026621,,15:00:00,True
MEEJ030505MCFJXD81,v-026622,08:00:00,,True
MEEJ030505MCFJXD81,v-026623,,15:00:00,True
MEEJ030505MCFJXD81,v-026624,08:00:00,,False
MEEJ030505MCFJXD81,v-026625,08:00:00,,True
MEEJ030505MCFJXD81,v-026626,,15:00:00,True
MEEJ030505MCFJXD81,v-026627,08:00:00,,False
MEEJ030505MCFJXD81,v-026628,08:00:00,,True
MEEJ030505MCFJXD81,v-026629,,15:00:00,True
MEEJ030505MCFJXD81,v-026630,08:00:00,,True
MEEJ030505MCFJXD81,v-026631,,15:00:00,True
MEEJ030505MCFJXD81,v-026632,08:00:00,,True
MEEJ030505MCFJXD81,v-026633,,15:00:00,True
MEEJ030505MCFJXD81,v-026634,08:00:00,,False
MEEJ030505MCFJXD81,v-026635,08:00:00,,True
MEEJ030505MCFJXD81,v-026636,,15:00:00,True
MEEJ030505MCFJXD81,v-026637,08:00:00,,True
MEEJ030505MCFJXD81,v-026638,,15:00:00,True
MEEJ030505MCFJXD81,v-026639,08:00:00,,True
MEEJ030505MCFJXD81,v-026640,,15:00:00,True
MEEJ030505MCFJXD81,v-026641,08:00:00,,False
MEEJ030505MCFJXD81,v-026642,08:00:00,,True
MEEJ030505MCFJXD81,v-026643,,15:00:00,True
MEEJ030505MCFJXD81,v-026644,08:00:00,,False
MEEJ030505MCFJXD81,v-026645,08:00:00,,False
MEEJ030505MCFJXD81,v-026646,08:00:00,,False
MEEJ030505MCFJXD81,v-026647,08:00:00,,True
MEEJ030505MCFJXD81,v-026648,,15:00:00,True
MEEJ030505MCFJXD81,v-026649,08:00:00,,True
MEEJ030505MCFJXD81,v-026650,,15:00:00,True
MEEJ030505MCFJXD81,v-026651,08:00:00,,True
MEEJ030505MCFJXD81,v-026652,,15:00:00,True
MEEJ030505MCFJXD81,v-026653,08:00:00,,True
MEEJ030505MCFJXD81,v-026654,,15:00:00,True
MEEJ030505MCFJXD81,v-026655,08:00:00,,True
MEEJ030505MCFJXD81,v-026656,,15:00:00,True
MEEJ030505MCFJXD81,v-026657,08:00:00,,False
MEEJ030505MCFJXD81,v-026658,08:00:00,,True
MEEJ030505MCFJXD81,v-026659,,15:00:00,True
MEEJ030505MCFJXD81,v-026660,08:00:00,,True
MEEJ030505MCFJXD81,v-026661,,15:00:00,True
MEEJ030505MCFJXD81,v-026662,08:00:00,,True
MEEJ030505MCFJXD81,v-026663,,15:00:00,True
MEEJ030505MCFJXD81,v-026664,08:00:00,,False
MEEJ030505MCFJXD81,v-026665,08:00:00,,True
MEEJ030505MCFJXD81,v-026666,,15:00:00,True
ZAHE010412MCXOMX04,v-026667,08:00:00,,False
ZAHE010412MCXOMX04,v-026668,08:00:00,,True
ZAHE010412MCXOMX04,v-026669,,13:00:00,True
ZAHE010412MCXOMX04,v-026670,08:00:00,,True
ZAHE010412MCXOMX04,v-026671,,13:00:00,True
ZAHE010412MCXOMX04,v-026672,08:00:00,,True
ZAHE010412MCXOMX04,v-026673,,13:00:00,True
ZAHE010412MCXOMX04,v-026674,08:00:00,,False
ZAHE010412MCXOMX04,v-026675,08:00:00,,False
ZAHE010412MCXOMX04,v-026676,08:00:00,,True
ZAHE010412MCXOMX04,v-026677,,13:00:00,True
ZAHE010412MCXOMX04,v-026678,08:00:00,,True
ZAHE010412MCXOMX04,v-026679,,13:00:00,True
ZAHE010412MCXOMX04,v-026680,08:00:00,,False
ZAHE010412MCXOMX04,v-026681,08:00:00,,False
ZAHE010412MCXOMX04,v-026682,08:00:00,,True
ZAHE010412MCXOMX04,v-026683,,13:00:00,True
ZAHE010412MCXOMX04,v-026684,08:00:00,,False
ZAHE010412MCXOMX04,v-026685,08:00:00,,True
ZAHE010412MCXOMX04,v-026686,,13:00:00,True
ZAHE010412MCXOMX04,v-026687,08:00:00,,False
ZAHE010412MCXOMX04,v-026688,08:00:00,,True
ZAHE010412MCXOMX04,v-026689,,13:00:00,True
ZAHE010412MCXOMX04,v-026690,08:00:00,,True
ZAHE010412MCXOMX04,v-026691,,13:00:00,True
ZAHE010412MCXOMX04,v-026692,08:00:00,,False
ZAHE010412MCXOMX04,v-026693,08:00:00,,True
ZAHE010412MCXOMX04,v-026694,,13:00:00,True
ZAHE010412MCXOMX04,v-026695,08:00:00,,False
ZAHE010412MCXOMX04,v-026696,08:00:00,,True
ZAHE010412MCXOMX04,v-026697,,13:00:00,True
ZAHE010412MCXOMX04,v-026698,08:00:00,,True
ZAHE010412MCXOMX04,v-026699,,13:00:00,True
ZAHE010412MCXOMX04,v-026700,08:00:00,,False
ZAHE010412MCXOMX04,v-026701,08:00:00,,True
ZAHE010412MCXOMX04,v-026702,,13:00:00,True
ZAHE010412MCXOMX04,v-026703,08:00:00,,True
ZAHE010412MCXOMX04,v-026704,,13:00:00,True
ZAHE010412MCXOMX04,v-026705,08:00:00,,True
ZAHE010412MCXOMX04,v-026706,,13:00:00,True
ZAHE010412MCXOMX04,v-026707,08:00:00,,True
ZAHE010412MCXOMX04,v-026708,,13:00:00,True
ZAHE010412MCXOMX04,v-026709,08:00:00,,True
ZAHE010412MCXOMX04,v-026710,,13:00:00,True
ZAHE010412MCXOMX04,v-026711,08:00:00,,True
ZAHE010412MCXOMX04,v-026712,,13:00:00,True
ZAHE010412MCXOMX04,v-026713,08:00:00,,True
ZAHE010412MCXOMX04,v-026714,,13:00:00,True
ZAHE010412MCXOMX04,v-026715,08:00:00,,True
ZAHE010412MCXOMX04,v-026716,,13:00:00,True
ZAHE010412MCXOMX04,v-026717,08:00:00,,True
ZAHE010412MCXOMX04,v-026718,,13:00:00,True
ZAHE010412MCXOMX04,v-026719,08:00:00,,True
ZAHE010412MCXOMX04,v-026720,,13:00:00,True
ZAHE010412MCXOMX04,v-026721,08:00:00,,True
ZAHE010412MCXOMX04,v-026722,,13:00:00,True
ZAHE010412MCXOMX04,v-026723,08:00:00,,False
JARP570216MPHXHM41,v-026724,07:00:00,,True
JARP570216MPHXHM41,v-026725,,13:00:00,True
JARP570216MPHXHM41,v-026726,07:00:00,,False
JARP570216MPHXHM41,v-026727,07:00:00,,True
JARP570216MPHXHM41,v-026728,,13:00:00,True
JARP570216MPHXHM41,v-026729,07:00:00,,True
JARP570216MPHXHM41,v-026730,,13:00:00,True
JARP570216MPHXHM41,v-026731,07:00:00,,False
JARP570216MPHXHM41,v-026732,07:00:00,,True
JARP570216MPHXHM41,v-026733,,13:00:00,True
JARP570216MPHXHM41,v-026734,07:00:00,,True
JARP570216MPHXHM41,v-026735,,13:00:00,True
JARP570216MPHXHM41,v-026736,07:00:00,,True
JARP570216MPHXHM41,v-026737,,13:00:00,True
JARP570216MPHXHM41,v-026738,07:00:00,,False
JARP570216MPHXHM41,v-026739,07:00:00,,False
JARP570216MPHXHM41,v-026740,07:00:00,,False
JARP570216MPHXHM41,v-026741,07:00:00,,True
JARP570216MPHXHM41,v-026742,,13:00:00,True
JARP570216MPHXHM41,v-026743,07:00:00,,True
JARP570216MPHXHM41,v-026744,,13:00:00,True
JARP570216MPHXHM41,v-026745,07:00:00,,False
JARP570216MPHXHM41,v-026746,07:00:00,,True
JARP570216MPHXHM41,v-026747,,13:00:00,True
JARP570216MPHXHM41,v-026748,07:00:00,,True
JARP570216MPHXHM41,v-026749,,13:00:00,True
JARP570216MPHXHM41,v-026750,07:00:00,,False
JARP570216MPHXHM41,v-026751,07:00:00,,True
JARP570216MPHXHM41,v-026752,,13:00:00,True
JARP570216MPHXHM41,v-026753,07:00:00,,False
JARP570216MPHXHM41,v-026754,07:00:00,,True
JARP570216MPHXHM41,v-026755,,13:00:00,True
JARP570216MPHXHM41,v-026756,07:00:00,,False
JARP570216MPHXHM41,v-026757,07:00:00,,False
JARP570216MPHXHM41,v-026758,07:00:00,,True
JARP570216MPHXHM41,v-026759,,13:00:00,True
JARP570216MPHXHM41,v-026760,07:00:00,,True
JARP570216MPHXHM41,v-026761,,13:00:00,True
JARP570216MPHXHM41,v-026762,07:00:00,,True
JARP570216MPHXHM41,v-026763,,13:00:00,True
JARP570216MPHXHM41,v-026764,07:00:00,,False
JARP570216MPHXHM41,v-026765,07:00:00,,True
JARP570216MPHXHM41,v-026766,,13:00:00,True
JARP570216MPHXHM41,v-026767,07:00:00,,True
JARP570216MPHXHM41,v-026768,,13:00:00,True
JARP570216MPHXHM41,v-026769,07:00:00,,True
JARP570216MPHXHM41,v-026770,,13:00:00,True
JARP570216MPHXHM41,v-026771,07:00:00,,True
JARP570216MPHXHM41,v-026772,,13:00:00,True
JARP570216MPHXHM41,v-026773,07:00:00,,True
JARP570216MPHXHM41,v-026774,,13:00:00,True
JARP570216MPHXHM41,v-026775,07:00:00,,True
JARP570216MPHXHM41,v-026776,,13:00:00,True
JARP570216MPHXHM41,v-026777,07:00:00,,True
JARP570216MPHXHM41,v-026778,,13:00:00,True
JARP570216MPHXHM41,v-026779,07:00:00,,False
JARP570216MPHXHM41,v-026780,07:00:00,,True
JARP570216MPHXHM41,v-026781,,13:00:00,True
JARP570216MPHXHM41,v-026782,07:00:00,,False
JARP570216MPHXHM41,v-026783,07:00:00,,False
JARP570216MPHXHM41,v-026784,07:00:00,,False
SAAD630630MTHZFL90,v-026785,07:00:00,,False
SAAD630630MTHZFL90,v-026786,07:00:00,,True
SAAD630630MTHZFL90,v-026787,,15:00:00,True
SAAD630630MTHZFL90,v-026788,07:00:00,,True
SAAD630630MTHZFL90,v-026789,,15:00:00,True
SAAD630630MTHZFL90,v-026790,07:00:00,,True
SAAD630630MTHZFL90,v-026791,,15:00:00,True
SAAD630630MTHZFL90,v-026792,07:00:00,,False
SAAD630630MTHZFL90,v-026793,07:00:00,,False
SAAD630630MTHZFL90,v-026794,07:00:00,,True
SAAD630630MTHZFL90,v-026795,,15:00:00,True
SAAD630630MTHZFL90,v-026796,07:00:00,,False
SAAD630630MTHZFL90,v-026797,07:00:00,,False
SAAD630630MTHZFL90,v-026798,07:00:00,,True
SAAD630630MTHZFL90,v-026799,,15:00:00,True
SAAD630630MTHZFL90,v-026800,07:00:00,,False
SAAD630630MTHZFL90,v-026801,07:00:00,,False
SAAD630630MTHZFL90,v-026802,07:00:00,,True
SAAD630630MTHZFL90,v-026803,,15:00:00,True
SAAD630630MTHZFL90,v-026804,07:00:00,,False
SAAD630630MTHZFL90,v-026805,07:00:00,,True
SAAD630630MTHZFL90,v-026806,,15:00:00,True
SAAD630630MTHZFL90,v-026807,07:00:00,,False
SAAD630630MTHZFL90,v-026808,07:00:00,,True
SAAD630630MTHZFL90,v-026809,,15:00:00,True
SAAD630630MTHZFL90,v-026810,07:00:00,,False
SAAD630630MTHZFL90,v-026811,07:00:00,,True
SAAD630630MTHZFL90,v-026812,,15:00:00,True
SAAD630630MTHZFL90,v-026813,07:00:00,,True
SAAD630630MTHZFL90,v-026814,,15:00:00,True
SAAD630630MTHZFL90,v-026815,07:00:00,,False
SAAD630630MTHZFL90,v-026816,07:00:00,,True
SAAD630630MTHZFL90,v-026817,,15:00:00,True
SAAD630630MTHZFL90,v-026818,07:00:00,,True
SAAD630630MTHZFL90,v-026819,,15:00:00,True
SAAD630630MTHZFL90,v-026820,07:00:00,,True
SAAD630630MTHZFL90,v-026821,,15:00:00,True
SAAD630630MTHZFL90,v-026822,07:00:00,,False
SAAD630630MTHZFL90,v-026823,07:00:00,,False
SAAD630630MTHZFL90,v-026824,07:00:00,,True
SAAD630630MTHZFL90,v-026825,,15:00:00,True
SAAD630630MTHZFL90,v-026826,07:00:00,,True
SAAD630630MTHZFL90,v-026827,,15:00:00,True
SAAD630630MTHZFL90,v-026828,07:00:00,,True
SAAD630630MTHZFL90,v-026829,,15:00:00,True
SAAD630630MTHZFL90,v-026830,07:00:00,,True
SAAD630630MTHZFL90,v-026831,,15:00:00,True
SAAD630630MTHZFL90,v-026832,07:00:00,,True
SAAD630630MTHZFL90,v-026833,,15:00:00,True
SAAD630630MTHZFL90,v-026834,07:00:00,,True
SAAD630630MTHZFL90,v-026835,,15:00:00,True
SAAD630630MTHZFL90,v-026836,07:00:00,,False
SAAD630630MTHZFL90,v-026837,07:00:00,,False
SAAD630630MTHZFL90,v-026838,07:00:00,,True
SAAD630630MTHZFL90,v-026839,,15:00:00,True
SAAD630630MTHZFL90,v-026840,07:00:00,,True
SAAD630630MTHZFL90,v-026841,,15:00:00,True
SAAD630630MTHZFL90,v-026842,07:00:00,,False
SAAD630630MTHZFL90,v-026843,07:00:00,,False
SAAD630630MTHZFL90,v-026844,07:00:00,,True
SAAD630630MTHZFL90,v-026845,,15:00:00,True
SAAD630630MTHZFL90,v-026846,07:00:00,,True
SAAD630630MTHZFL90,v-026847,,15:00:00,True
SAAD630630MTHZFL90,v-026848,07:00:00,,True
SAAD630630MTHZFL90,v-026849,,15:00:00,True
SAAD630630MTHZFL90,v-026850,07:00:00,,False
SAAD630630MTHZFL90,v-026851,07:00:00,,True
SAAD630630MTHZFL90,v-026852,,15:00:00,True
SAAD630630MTHZFL90,v-026853,07:00:00,,True
SAAD630630MTHZFL90,v-026854,,15:00:00,True
SAAD630630MTHZFL90,v-026855,07:00:00,,True
SAAD630630MTHZFL90,v-026856,,15:00:00,True
GAHJ781110MCCSRQ32,v-026857,08:00:00,,False
GAHJ781110MCCSRQ32,v-026858,08:00:00,,False
GAHJ781110MCCSRQ32,v-026859,08:00:00,,False
GAHJ781110MCCSRQ32,v-026860,08:00:00,,True
GAHJ781110MCCSRQ32,v-026861,,14:00:00,True
AYME040416MSFOAM71,v-026862,08:00:00,,False
AYME040416MSFOAM71,v-026863,08:00:00,,False
AYME040416MSFOAM71,v-026864,08:00:00,,True
AYME040416MSFOAM71,v-026865,,13:00:00,True
AYME040416MSFOAM71,v-026866,08:00:00,,True
AYME040416MSFOAM71,v-026867,,13:00:00,True
AYME040416MSFOAM71,v-026868,08:00:00,,False
AYME040416MSFOAM71,v-026869,08:00:00,,True
AYME040416MSFOAM71,v-026870,,13:00:00,True
AYME040416MSFOAM71,v-026871,08:00:00,,False
AYME040416MSFOAM71,v-026872,08:00:00,,True
AYME040416MSFOAM71,v-026873,,13:00:00,True
AYME040416MSFOAM71,v-026874,08:00:00,,True
AYME040416MSFOAM71,v-026875,,13:00:00,True
AYME040416MSFOAM71,v-026876,08:00:00,,True
AYME040416MSFOAM71,v-026877,,13:00:00,True
AYME040416MSFOAM71,v-026878,08:00:00,,True
AYME040416MSFOAM71,v-026879,,13:00:00,True
AYME040416MSFOAM71,v-026880,08:00:00,,True
AYME040416MSFOAM71,v-026881,,13:00:00,True
AYME040416MSFOAM71,v-026882,08:00:00,,False
AYME040416MSFOAM71,v-026883,08:00:00,,False
AYME040416MSFOAM71,v-026884,08:00:00,,True
AYME040416MSFOAM71,v-026885,,13:00:00,True
AYME040416MSFOAM71,v-026886,08:00:00,,True
AYME040416MSFOAM71,v-026887,,13:00:00,True
AYME040416MSFOAM71,v-026888,08:00:00,,False
AYME040416MSFOAM71,v-026889,08:00:00,,False
AYME040416MSFOAM71,v-026890,08:00:00,,True
AYME040416MSFOAM71,v-026891,,13:00:00,True
AYME040416MSFOAM71,v-026892,08:00:00,,False
AYME040416MSFOAM71,v-026893,08:00:00,,True
AYME040416MSFOAM71,v-026894,,13:00:00,True
AYME040416MSFOAM71,v-026895,08:00:00,,True
AYME040416MSFOAM71,v-026896,,13:00:00,True
AYME040416MSFOAM71,v-026897,08:00:00,,True
AYME040416MSFOAM71,v-026898,,13:00:00,True
AYME040416MSFOAM71,v-026899,08:00:00,,False
AYME040416MSFOAM71,v-026900,08:00:00,,False
AYME040416MSFOAM71,v-026901,08:00:00,,True
AYME040416MSFOAM71,v-026902,,13:00:00,True
AYME040416MSFOAM71,v-026903,08:00:00,,True
AYME040416MSFOAM71,v-026904,,13:00:00,True
AYME040416MSFOAM71,v-026905,08:00:00,,True
AYME040416MSFOAM71,v-026906,,13:00:00,True
AYME040416MSFOAM71,v-026907,08:00:00,,True
AYME040416MSFOAM71,v-026908,,13:00:00,True
AYME040416MSFOAM71,v-026909,08:00:00,,True
AYME040416MSFOAM71,v-026910,,13:00:00,True
AYME040416MSFOAM71,v-026911,08:00:00,,True
AYME040416MSFOAM71,v-026912,,13:00:00,True
AYME040416MSFOAM71,v-026913,08:00:00,,False
AYME040416MSFOAM71,v-026914,08:00:00,,False
AYME040416MSFOAM71,v-026915,08:00:00,,True
AYME040416MSFOAM71,v-026916,,13:00:00,True
AYME040416MSFOAM71,v-026917,08:00:00,,False
AYME040416MSFOAM71,v-026918,08:00:00,,False
AYME040416MSFOAM71,v-026919,08:00:00,,False
AYME040416MSFOAM71,v-026920,08:00:00,,False
AYME040416MSFOAM71,v-026921,08:00:00,,True
AYME040416MSFOAM71,v-026922,,13:00:00,True
AYME040416MSFOAM71,v-026923,08:00:00,,False
AYME040416MSFOAM71,v-026924,08:00:00,,True
AYME040416MSFOAM71,v-026925,,13:00:00,True
MELR020818MTVBNU13,v-026926,08:00:00,,True
MELR020818MTVBNU13,v-026927,,14:00:00,True
MELR020818MTVBNU13,v-026928,08:00:00,,True
MELR020818MTVBNU13,v-026929,,14:00:00,True
MELR020818MTVBNU13,v-026930,08:00:00,,True
MELR020818MTVBNU13,v-026931,,14:00:00,True
MELR020818MTVBNU13,v-026932,08:00:00,,True
MELR020818MTVBNU13,v-026933,,14:00:00,True
MELR020818MTVBNU13,v-026934,08:00:00,,False
MELR020818MTVBNU13,v-026935,08:00:00,,True
MELR020818MTVBNU13,v-026936,,14:00:00,True
MELR020818MTVBNU13,v-026937,08:00:00,,True
MELR020818MTVBNU13,v-026938,,14:00:00,True
MELR020818MTVBNU13,v-026939,08:00:00,,False
MELR020818MTVBNU13,v-026940,08:00:00,,False
MELR020818MTVBNU13,v-026941,08:00:00,,False
MELR020818MTVBNU13,v-026942,08:00:00,,True
MELR020818MTVBNU13,v-026943,,14:00:00,True
MELR020818MTVBNU13,v-026944,08:00:00,,True
MELR020818MTVBNU13,v-026945,,14:00:00,True
MELR020818MTVBNU13,v-026946,08:00:00,,False
MELR020818MTVBNU13,v-026947,08:00:00,,True
MELR020818MTVBNU13,v-026948,,14:00:00,True
MELR020818MTVBNU13,v-026949,08:00:00,,True
MELR020818MTVBNU13,v-026950,,14:00:00,True
MELR020818MTVBNU13,v-026951,08:00:00,,False
MELR020818MTVBNU13,v-026952,08:00:00,,True
MELR020818MTVBNU13,v-026953,,14:00:00,True
MELR020818MTVBNU13,v-026954,08:00:00,,True
MELR020818MTVBNU13,v-026955,,14:00:00,True
MELR020818MTVBNU13,v-026956,08:00:00,,True
MELR020818MTVBNU13,v-026957,,14:00:00,True
MELR020818MTVBNU13,v-026958,08:00:00,,True
MELR020818MTVBNU13,v-026959,,14:00:00,True
MELR020818MTVBNU13,v-026960,08:00:00,,False
MELR020818MTVBNU13,v-026961,08:00:00,,True
MELR020818MTVBNU13,v-026962,,14:00:00,True
MELR020818MTVBNU13,v-026963,08:00:00,,True
MELR020818MTVBNU13,v-026964,,14:00:00,True
MELR020818MTVBNU13,v-026965,08:00:00,,True
MELR020818MTVBNU13,v-026966,,14:00:00,True
JIPS021125FCDLLE95,v-026967,08:00:00,,True
JIPS021125FCDLLE95,v-026968,,13:00:00,True
JIPS021125FCDLLE95,v-026969,08:00:00,,False
JIPS021125FCDLLE95,v-026970,08:00:00,,True
JIPS021125FCDLLE95,v-026971,,13:00:00,True
JIPS021125FCDLLE95,v-026972,08:00:00,,False
JIPS021125FCDLLE95,v-026973,08:00:00,,True
JIPS021125FCDLLE95,v-026974,,13:00:00,True
JIPS021125FCDLLE95,v-026975,08:00:00,,True
JIPS021125FCDLLE95,v-026976,,13:00:00,True
JIPS021125FCDLLE95,v-026977,08:00:00,,True
JIPS021125FCDLLE95,v-026978,,13:00:00,True
JIPS021125FCDLLE95,v-026979,08:00:00,,False
JIPS021125FCDLLE95,v-026980,08:00:00,,False
JIPS021125FCDLLE95,v-026981,08:00:00,,True
JIPS021125FCDLLE95,v-026982,,13:00:00,True
JIPS021125FCDLLE95,v-026983,08:00:00,,False
